kind,trial,iterations,total_ns,ns_per_operation
retained_skia_paint,0,1000,705593125,705593
idle_poll,0,1000000,8921917,8.92192
retained_skia_paint,1,1000,713030334,713030
idle_poll,1,1000000,8877708,8.87771
retained_skia_paint,2,1000,708911250,708911
idle_poll,2,1000000,8813542,8.81354
retained_skia_paint,3,1000,711669500,711670
idle_poll,3,1000000,8768375,8.76838
retained_skia_paint,4,1000,706729500,706730
idle_poll,4,1000000,8972209,8.97221
retained_skia_paint,5,1000,712526709,712527
idle_poll,5,1000000,8898375,8.89837
retained_skia_paint,6,1000,710326667,710327
idle_poll,6,1000000,8833167,8.83317
pixel_hash,6711567839461304635
