source_csv,iteration,first_pcm_ms,remaining_ms,total_ms,frames,samples,probe
stereo-10s.ogg.libvorbis.0.csv,0,0.496300000,16.834100000,17.330400000,480017,960034,-9.2800071333695087
stereo-10s.ogg.libvorbis.0.csv,1,0.478500000,16.714500000,17.193000000,480017,960034,-9.2800071333695087
stereo-10s.ogg.libvorbis.0.csv,2,0.497300000,16.855200000,17.352500000,480017,960034,-9.2800071333695087
stereo-10s.ogg.libvorbis.0.csv,3,0.507400000,16.906800000,17.414200000,480017,960034,-9.2800071333695087
stereo-10s.ogg.libvorbis.0.csv,4,0.468900000,16.784800000,17.253700000,480017,960034,-9.2800071333695087
stereo-10s.ogg.libvorbis.0.csv,5,0.478700000,17.344300000,17.823000000,480017,960034,-9.2800071333695087
stereo-10s.ogg.libvorbis.0.csv,6,0.472500000,16.914800000,17.387300000,480017,960034,-9.2800071333695087
stereo-10s.ogg.libvorbis.0.csv,7,0.508000000,17.163500000,17.671500000,480017,960034,-9.2800071333695087
stereo-10s.ogg.libvorbis.0.csv,8,0.480900000,16.885300000,17.366200000,480017,960034,-9.2800071333695087
stereo-10s.ogg.libvorbis.0.csv,9,0.479800000,17.162500000,17.642300000,480017,960034,-9.2800071333695087
stereo-10s.ogg.libvorbis.0.csv,10,0.488200000,16.964100000,17.452300000,480017,960034,-9.2800071333695087
stereo-10s.ogg.libvorbis.0.csv,11,0.484300000,18.012100000,18.496400000,480017,960034,-9.2800071333695087
stereo-10s.ogg.libvorbis.0.csv,12,0.482600000,16.798500000,17.281100000,480017,960034,-9.2800071333695087
stereo-10s.ogg.libvorbis.0.csv,13,0.467100000,16.732500000,17.199600000,480017,960034,-9.2800071333695087
stereo-10s.ogg.libvorbis.0.csv,14,0.465100000,16.596300000,17.061400000,480017,960034,-9.2800071333695087
stereo-10s.ogg.libvorbis.0.csv,15,0.455400000,16.672300000,17.127700000,480017,960034,-9.2800071333695087
stereo-10s.ogg.libvorbis.0.csv,16,0.476400000,16.805500000,17.281900000,480017,960034,-9.2800071333695087
stereo-10s.ogg.libvorbis.0.csv,17,0.481500000,16.882600000,17.364100000,480017,960034,-9.2800071333695087
stereo-10s.ogg.libvorbis.0.csv,18,0.499200000,16.741300000,17.240500000,480017,960034,-9.2800071333695087
stereo-10s.ogg.libvorbis.0.csv,19,0.509000000,16.796600000,17.305600000,480017,960034,-9.2800071333695087
stereo-10s.ogg.libvorbis.0.csv,20,0.472100000,16.976100000,17.448200000,480017,960034,-9.2800071333695087
stereo-10s.ogg.libvorbis.1.csv,0,0.511200000,17.325800000,17.837000000,480017,960034,-9.2800071333695087
stereo-10s.ogg.libvorbis.1.csv,1,0.555700000,18.833900000,19.389600000,480017,960034,-9.2800071333695087
stereo-10s.ogg.libvorbis.1.csv,2,0.507100000,17.185100000,17.692200000,480017,960034,-9.2800071333695087
stereo-10s.ogg.libvorbis.1.csv,3,0.506600000,17.987000000,18.493600000,480017,960034,-9.2800071333695087
stereo-10s.ogg.libvorbis.1.csv,4,0.484600000,17.365700000,17.850300000,480017,960034,-9.2800071333695087
stereo-10s.ogg.libvorbis.1.csv,5,0.584600000,17.525700000,18.110300000,480017,960034,-9.2800071333695087
stereo-10s.ogg.libvorbis.1.csv,6,0.468400000,16.795600000,17.264000000,480017,960034,-9.2800071333695087
stereo-10s.ogg.libvorbis.1.csv,7,0.473900000,17.038800000,17.512700000,480017,960034,-9.2800071333695087
stereo-10s.ogg.libvorbis.1.csv,8,0.466100000,16.752100000,17.218200000,480017,960034,-9.2800071333695087
stereo-10s.ogg.libvorbis.1.csv,9,0.473700000,16.765600000,17.239300000,480017,960034,-9.2800071333695087
stereo-10s.ogg.libvorbis.1.csv,10,0.476000000,16.735400000,17.211400000,480017,960034,-9.2800071333695087
stereo-10s.ogg.libvorbis.1.csv,11,0.543300000,17.218500000,17.761800000,480017,960034,-9.2800071333695087
stereo-10s.ogg.libvorbis.1.csv,12,0.471800000,16.806900000,17.278700000,480017,960034,-9.2800071333695087
stereo-10s.ogg.libvorbis.1.csv,13,0.481800000,16.954100000,17.435900000,480017,960034,-9.2800071333695087
stereo-10s.ogg.libvorbis.1.csv,14,0.480900000,17.399700000,17.880600000,480017,960034,-9.2800071333695087
stereo-10s.ogg.libvorbis.1.csv,15,0.499500000,17.369600000,17.869100000,480017,960034,-9.2800071333695087
stereo-10s.ogg.libvorbis.1.csv,16,0.490800000,17.792200000,18.283000000,480017,960034,-9.2800071333695087
stereo-10s.ogg.libvorbis.1.csv,17,0.482800000,17.162600000,17.645400000,480017,960034,-9.2800071333695087
stereo-10s.ogg.libvorbis.1.csv,18,0.495000000,17.279600000,17.774600000,480017,960034,-9.2800071333695087
stereo-10s.ogg.libvorbis.1.csv,19,0.479100000,16.737400000,17.216500000,480017,960034,-9.2800071333695087
stereo-10s.ogg.libvorbis.1.csv,20,0.471700000,16.910900000,17.382600000,480017,960034,-9.2800071333695087
stereo-10s.ogg.libvorbis.2.csv,0,0.506100000,17.201800000,17.707900000,480017,960034,-9.2800071333695087
stereo-10s.ogg.libvorbis.2.csv,1,0.475700000,16.747200000,17.222900000,480017,960034,-9.2800071333695087
stereo-10s.ogg.libvorbis.2.csv,2,0.461900000,17.456500000,17.918400000,480017,960034,-9.2800071333695087
stereo-10s.ogg.libvorbis.2.csv,3,0.552200000,17.884100000,18.436300000,480017,960034,-9.2800071333695087
stereo-10s.ogg.libvorbis.2.csv,4,0.473900000,16.907200000,17.381100000,480017,960034,-9.2800071333695087
stereo-10s.ogg.libvorbis.2.csv,5,0.479800000,16.766200000,17.246000000,480017,960034,-9.2800071333695087
stereo-10s.ogg.libvorbis.2.csv,6,0.467000000,16.926400000,17.393400000,480017,960034,-9.2800071333695087
stereo-10s.ogg.libvorbis.2.csv,7,0.468000000,16.978000000,17.446000000,480017,960034,-9.2800071333695087
stereo-10s.ogg.libvorbis.2.csv,8,0.481700000,16.803100000,17.284800000,480017,960034,-9.2800071333695087
stereo-10s.ogg.libvorbis.2.csv,9,0.475500000,16.834800000,17.310300000,480017,960034,-9.2800071333695087
stereo-10s.ogg.libvorbis.2.csv,10,0.470500000,16.774600000,17.245100000,480017,960034,-9.2800071333695087
stereo-10s.ogg.libvorbis.2.csv,11,0.477700000,16.743600000,17.221300000,480017,960034,-9.2800071333695087
stereo-10s.ogg.libvorbis.2.csv,12,0.493000000,17.546700000,18.039700000,480017,960034,-9.2800071333695087
stereo-10s.ogg.libvorbis.2.csv,13,0.484300000,17.071300000,17.555600000,480017,960034,-9.2800071333695087
stereo-10s.ogg.libvorbis.2.csv,14,0.499100000,17.766500000,18.265600000,480017,960034,-9.2800071333695087
stereo-10s.ogg.libvorbis.2.csv,15,0.503200000,17.159800000,17.663000000,480017,960034,-9.2800071333695087
stereo-10s.ogg.libvorbis.2.csv,16,0.493500000,16.928800000,17.422300000,480017,960034,-9.2800071333695087
stereo-10s.ogg.libvorbis.2.csv,17,0.480700000,16.754500000,17.235200000,480017,960034,-9.2800071333695087
stereo-10s.ogg.libvorbis.2.csv,18,0.467100000,16.823200000,17.290300000,480017,960034,-9.2800071333695087
stereo-10s.ogg.libvorbis.2.csv,19,0.478500000,16.908000000,17.386500000,480017,960034,-9.2800071333695087
stereo-10s.ogg.libvorbis.2.csv,20,0.468800000,16.829200000,17.298000000,480017,960034,-9.2800071333695087
stereo-10s.ogg.stb.0.csv,0,0.375200000,10.401200000,10.776400000,480017,960034,3.816919088953
stereo-10s.ogg.stb.0.csv,1,0.358000000,10.266300000,10.624300000,480017,960034,3.816919088953
stereo-10s.ogg.stb.0.csv,2,0.356900000,10.189300000,10.546200000,480017,960034,3.816919088953
stereo-10s.ogg.stb.0.csv,3,0.352500000,10.034600000,10.387100000,480017,960034,3.816919088953
stereo-10s.ogg.stb.0.csv,4,0.367100000,10.120600000,10.487700000,480017,960034,3.816919088953
stereo-10s.ogg.stb.0.csv,5,0.351200000,10.176100000,10.527300000,480017,960034,3.816919088953
stereo-10s.ogg.stb.0.csv,6,0.347100000,9.983900000,10.331000000,480017,960034,3.816919088953
stereo-10s.ogg.stb.0.csv,7,0.371100000,10.243500000,10.614600000,480017,960034,3.816919088953
stereo-10s.ogg.stb.0.csv,8,0.358000000,10.122500000,10.480500000,480017,960034,3.816919088953
stereo-10s.ogg.stb.0.csv,9,0.346400000,10.194600000,10.541000000,480017,960034,3.816919088953
stereo-10s.ogg.stb.0.csv,10,0.371500000,10.098700000,10.470200000,480017,960034,3.816919088953
stereo-10s.ogg.stb.0.csv,11,0.343500000,10.280300000,10.623800000,480017,960034,3.816919088953
stereo-10s.ogg.stb.0.csv,12,0.351500000,10.157100000,10.508600000,480017,960034,3.816919088953
stereo-10s.ogg.stb.0.csv,13,0.351200000,9.931900000,10.283100000,480017,960034,3.816919088953
stereo-10s.ogg.stb.0.csv,14,0.343900000,10.060100000,10.404000000,480017,960034,3.816919088953
stereo-10s.ogg.stb.0.csv,15,0.340700000,10.021200000,10.361900000,480017,960034,3.816919088953
stereo-10s.ogg.stb.0.csv,16,0.343800000,9.905700000,10.249500000,480017,960034,3.816919088953
stereo-10s.ogg.stb.0.csv,17,0.347700000,10.270300000,10.618000000,480017,960034,3.816919088953
stereo-10s.ogg.stb.0.csv,18,0.361000000,10.199800000,10.560800000,480017,960034,3.816919088953
stereo-10s.ogg.stb.0.csv,19,0.374500000,10.318500000,10.693000000,480017,960034,3.816919088953
stereo-10s.ogg.stb.0.csv,20,0.352700000,10.191800000,10.544500000,480017,960034,3.816919088953
stereo-10s.ogg.stb.1.csv,0,0.357000000,9.890400000,10.247400000,480017,960034,3.816919088953
stereo-10s.ogg.stb.1.csv,1,0.358300000,10.007000000,10.365300000,480017,960034,3.816919088953
stereo-10s.ogg.stb.1.csv,2,0.347800000,10.174200000,10.522000000,480017,960034,3.816919088953
stereo-10s.ogg.stb.1.csv,3,0.357000000,10.489200000,10.846200000,480017,960034,3.816919088953
stereo-10s.ogg.stb.1.csv,4,0.358500000,10.288800000,10.647300000,480017,960034,3.816919088953
stereo-10s.ogg.stb.1.csv,5,0.343000000,10.455000000,10.798000000,480017,960034,3.816919088953
stereo-10s.ogg.stb.1.csv,6,0.344500000,10.565000000,10.909500000,480017,960034,3.816919088953
stereo-10s.ogg.stb.1.csv,7,0.340300000,10.218500000,10.558800000,480017,960034,3.816919088953
stereo-10s.ogg.stb.1.csv,8,0.343200000,9.954500000,10.297700000,480017,960034,3.816919088953
stereo-10s.ogg.stb.1.csv,9,0.338100000,9.984300000,10.322400000,480017,960034,3.816919088953
stereo-10s.ogg.stb.1.csv,10,0.351500000,9.934600000,10.286100000,480017,960034,3.816919088953
stereo-10s.ogg.stb.1.csv,11,0.349900000,9.925700000,10.275600000,480017,960034,3.816919088953
stereo-10s.ogg.stb.1.csv,12,0.343000000,10.065400000,10.408400000,480017,960034,3.816919088953
stereo-10s.ogg.stb.1.csv,13,0.350800000,10.025200000,10.376000000,480017,960034,3.816919088953
stereo-10s.ogg.stb.1.csv,14,0.350400000,10.163500000,10.513900000,480017,960034,3.816919088953
stereo-10s.ogg.stb.1.csv,15,0.347800000,10.452700000,10.800500000,480017,960034,3.816919088953
stereo-10s.ogg.stb.1.csv,16,0.340500000,10.012900000,10.353400000,480017,960034,3.816919088953
stereo-10s.ogg.stb.1.csv,17,0.375900000,10.374500000,10.750400000,480017,960034,3.816919088953
stereo-10s.ogg.stb.1.csv,18,0.335100000,10.279100000,10.614200000,480017,960034,3.816919088953
stereo-10s.ogg.stb.1.csv,19,0.333700000,10.018200000,10.351900000,480017,960034,3.816919088953
stereo-10s.ogg.stb.1.csv,20,0.328400000,10.000600000,10.329000000,480017,960034,3.816919088953
stereo-10s.ogg.stb.2.csv,0,0.345900000,10.389700000,10.735600000,480017,960034,3.816919088953
stereo-10s.ogg.stb.2.csv,1,0.359400000,10.321000000,10.680400000,480017,960034,3.816919088953
stereo-10s.ogg.stb.2.csv,2,0.344200000,10.282300000,10.626500000,480017,960034,3.816919088953
stereo-10s.ogg.stb.2.csv,3,0.349500000,9.935300000,10.284800000,480017,960034,3.816919088953
stereo-10s.ogg.stb.2.csv,4,0.342600000,9.948600000,10.291200000,480017,960034,3.816919088953
stereo-10s.ogg.stb.2.csv,5,0.354900000,10.101700000,10.456600000,480017,960034,3.816919088953
stereo-10s.ogg.stb.2.csv,6,0.343200000,10.020500000,10.363700000,480017,960034,3.816919088953
stereo-10s.ogg.stb.2.csv,7,0.347500000,10.090300000,10.437800000,480017,960034,3.816919088953
stereo-10s.ogg.stb.2.csv,8,0.344800000,9.985000000,10.329800000,480017,960034,3.816919088953
stereo-10s.ogg.stb.2.csv,9,0.354100000,10.302400000,10.656500000,480017,960034,3.816919088953
stereo-10s.ogg.stb.2.csv,10,0.357100000,10.715000000,11.072100000,480017,960034,3.816919088953
stereo-10s.ogg.stb.2.csv,11,0.392100000,10.403600000,10.795700000,480017,960034,3.816919088953
stereo-10s.ogg.stb.2.csv,12,0.339300000,10.730200000,11.069500000,480017,960034,3.816919088953
stereo-10s.ogg.stb.2.csv,13,0.345000000,10.259400000,10.604400000,480017,960034,3.816919088953
stereo-10s.ogg.stb.2.csv,14,0.338600000,10.166200000,10.504800000,480017,960034,3.816919088953
stereo-10s.ogg.stb.2.csv,15,0.341500000,9.967000000,10.308500000,480017,960034,3.816919088953
stereo-10s.ogg.stb.2.csv,16,0.347600000,10.143600000,10.491200000,480017,960034,3.816919088953
stereo-10s.ogg.stb.2.csv,17,0.347600000,10.022700000,10.370300000,480017,960034,3.816919088953
stereo-10s.ogg.stb.2.csv,18,0.348300000,9.980200000,10.328500000,480017,960034,3.816919088953
stereo-10s.ogg.stb.2.csv,19,0.336500000,9.999200000,10.335700000,480017,960034,3.816919088953
stereo-10s.ogg.stb.2.csv,20,0.339200000,9.964000000,10.303200000,480017,960034,3.816919088953
stereo-10s.ogg.stx-avx2.0.csv,0,0.875500000,20.555800000,21.431300000,480017,960034,-9.2800038112036418
stereo-10s.ogg.stx-avx2.0.csv,1,0.885500000,21.543700000,22.429200000,480017,960034,-9.2800038112036418
stereo-10s.ogg.stx-avx2.0.csv,2,1.012200000,20.096000000,21.108200000,480017,960034,-9.2800038112036418
stereo-10s.ogg.stx-avx2.0.csv,3,0.874600000,20.802100000,21.676700000,480017,960034,-9.2800038112036418
stereo-10s.ogg.stx-avx2.0.csv,4,0.892200000,21.177600000,22.069800000,480017,960034,-9.2800038112036418
stereo-10s.ogg.stx-avx2.0.csv,5,0.878600000,19.899700000,20.778300000,480017,960034,-9.2800038112036418
stereo-10s.ogg.stx-avx2.0.csv,6,0.876500000,20.121800000,20.998300000,480017,960034,-9.2800038112036418
stereo-10s.ogg.stx-avx2.0.csv,7,0.888800000,20.250100000,21.138900000,480017,960034,-9.2800038112036418
stereo-10s.ogg.stx-avx2.0.csv,8,0.918500000,20.724300000,21.642800000,480017,960034,-9.2800038112036418
stereo-10s.ogg.stx-avx2.0.csv,9,0.893700000,20.266400000,21.160100000,480017,960034,-9.2800038112036418
stereo-10s.ogg.stx-avx2.0.csv,10,0.877100000,20.104600000,20.981700000,480017,960034,-9.2800038112036418
stereo-10s.ogg.stx-avx2.0.csv,11,0.879500000,20.171500000,21.051000000,480017,960034,-9.2800038112036418
stereo-10s.ogg.stx-avx2.0.csv,12,0.887700000,20.776700000,21.664400000,480017,960034,-9.2800038112036418
stereo-10s.ogg.stx-avx2.0.csv,13,0.884800000,20.004800000,20.889600000,480017,960034,-9.2800038112036418
stereo-10s.ogg.stx-avx2.0.csv,14,0.912300000,20.802900000,21.715200000,480017,960034,-9.2800038112036418
stereo-10s.ogg.stx-avx2.0.csv,15,0.878800000,19.959300000,20.838100000,480017,960034,-9.2800038112036418
stereo-10s.ogg.stx-avx2.0.csv,16,0.869000000,20.158800000,21.027800000,480017,960034,-9.2800038112036418
stereo-10s.ogg.stx-avx2.0.csv,17,0.970600000,20.644300000,21.614900000,480017,960034,-9.2800038112036418
stereo-10s.ogg.stx-avx2.0.csv,18,1.092600000,21.021900000,22.114500000,480017,960034,-9.2800038112036418
stereo-10s.ogg.stx-avx2.0.csv,19,1.039200000,20.326400000,21.365600000,480017,960034,-9.2800038112036418
stereo-10s.ogg.stx-avx2.0.csv,20,0.948800000,20.010700000,20.959500000,480017,960034,-9.2800038112036418
stereo-10s.ogg.stx-avx2.1.csv,0,0.907000000,21.348900000,22.255900000,480017,960034,-9.2800038112036418
stereo-10s.ogg.stx-avx2.1.csv,1,0.903000000,22.108100000,23.011100000,480017,960034,-9.2800038112036418
stereo-10s.ogg.stx-avx2.1.csv,2,0.880800000,20.252300000,21.133100000,480017,960034,-9.2800038112036418
stereo-10s.ogg.stx-avx2.1.csv,3,0.873700000,20.294600000,21.168300000,480017,960034,-9.2800038112036418
stereo-10s.ogg.stx-avx2.1.csv,4,0.948000000,20.662900000,21.610900000,480017,960034,-9.2800038112036418
stereo-10s.ogg.stx-avx2.1.csv,5,0.878700000,19.914200000,20.792900000,480017,960034,-9.2800038112036418
stereo-10s.ogg.stx-avx2.1.csv,6,0.875200000,20.137800000,21.013000000,480017,960034,-9.2800038112036418
stereo-10s.ogg.stx-avx2.1.csv,7,0.880300000,20.194800000,21.075100000,480017,960034,-9.2800038112036418
stereo-10s.ogg.stx-avx2.1.csv,8,0.875000000,20.033100000,20.908100000,480017,960034,-9.2800038112036418
stereo-10s.ogg.stx-avx2.1.csv,9,0.889200000,20.106200000,20.995400000,480017,960034,-9.2800038112036418
stereo-10s.ogg.stx-avx2.1.csv,10,1.023200000,20.880700000,21.903900000,480017,960034,-9.2800038112036418
stereo-10s.ogg.stx-avx2.1.csv,11,0.875900000,20.323700000,21.199600000,480017,960034,-9.2800038112036418
stereo-10s.ogg.stx-avx2.1.csv,12,0.889800000,20.395500000,21.285300000,480017,960034,-9.2800038112036418
stereo-10s.ogg.stx-avx2.1.csv,13,0.919300000,20.378500000,21.297800000,480017,960034,-9.2800038112036418
stereo-10s.ogg.stx-avx2.1.csv,14,0.928200000,20.669700000,21.597900000,480017,960034,-9.2800038112036418
stereo-10s.ogg.stx-avx2.1.csv,15,0.891000000,20.154000000,21.045000000,480017,960034,-9.2800038112036418
stereo-10s.ogg.stx-avx2.1.csv,16,0.911800000,20.883000000,21.794800000,480017,960034,-9.2800038112036418
stereo-10s.ogg.stx-avx2.1.csv,17,0.978700000,20.139500000,21.118200000,480017,960034,-9.2800038112036418
stereo-10s.ogg.stx-avx2.1.csv,18,1.000200000,21.998400000,22.998600000,480017,960034,-9.2800038112036418
stereo-10s.ogg.stx-avx2.1.csv,19,1.176400000,22.021800000,23.198200000,480017,960034,-9.2800038112036418
stereo-10s.ogg.stx-avx2.1.csv,20,0.933900000,20.711100000,21.645000000,480017,960034,-9.2800038112036418
stereo-10s.ogg.stx-avx2.2.csv,0,0.914300000,21.044900000,21.959200000,480017,960034,-9.2800038112036418
stereo-10s.ogg.stx-avx2.2.csv,1,0.916000000,20.735600000,21.651600000,480017,960034,-9.2800038112036418
stereo-10s.ogg.stx-avx2.2.csv,2,0.912400000,22.702800000,23.615200000,480017,960034,-9.2800038112036418
stereo-10s.ogg.stx-avx2.2.csv,3,0.867700000,20.564800000,21.432500000,480017,960034,-9.2800038112036418
stereo-10s.ogg.stx-avx2.2.csv,4,0.872000000,20.179900000,21.051900000,480017,960034,-9.2800038112036418
stereo-10s.ogg.stx-avx2.2.csv,5,0.871700000,19.927500000,20.799200000,480017,960034,-9.2800038112036418
stereo-10s.ogg.stx-avx2.2.csv,6,0.877000000,20.149700000,21.026700000,480017,960034,-9.2800038112036418
stereo-10s.ogg.stx-avx2.2.csv,7,0.895900000,20.869600000,21.765500000,480017,960034,-9.2800038112036418
stereo-10s.ogg.stx-avx2.2.csv,8,1.090100000,20.766700000,21.856800000,480017,960034,-9.2800038112036418
stereo-10s.ogg.stx-avx2.2.csv,9,0.921000000,20.355500000,21.276500000,480017,960034,-9.2800038112036418
stereo-10s.ogg.stx-avx2.2.csv,10,0.888600000,20.040500000,20.929100000,480017,960034,-9.2800038112036418
stereo-10s.ogg.stx-avx2.2.csv,11,0.883800000,20.541900000,21.425700000,480017,960034,-9.2800038112036418
stereo-10s.ogg.stx-avx2.2.csv,12,0.875400000,20.138900000,21.014300000,480017,960034,-9.2800038112036418
stereo-10s.ogg.stx-avx2.2.csv,13,0.867700000,20.214700000,21.082400000,480017,960034,-9.2800038112036418
stereo-10s.ogg.stx-avx2.2.csv,14,0.887200000,20.220500000,21.107700000,480017,960034,-9.2800038112036418
stereo-10s.ogg.stx-avx2.2.csv,15,0.886100000,20.832000000,21.718100000,480017,960034,-9.2800038112036418
stereo-10s.ogg.stx-avx2.2.csv,16,0.909300000,20.274800000,21.184100000,480017,960034,-9.2800038112036418
stereo-10s.ogg.stx-avx2.2.csv,17,0.897000000,20.919200000,21.816200000,480017,960034,-9.2800038112036418
stereo-10s.ogg.stx-avx2.2.csv,18,0.949600000,20.678400000,21.628000000,480017,960034,-9.2800038112036418
stereo-10s.ogg.stx-avx2.2.csv,19,0.934100000,19.900800000,20.834900000,480017,960034,-9.2800038112036418
stereo-10s.ogg.stx-avx2.2.csv,20,1.114800000,20.218500000,21.333300000,480017,960034,-9.2800038112036418
stereo-10s.ogg.stx-scalar.0.csv,0,0.885900000,27.762400000,28.648300000,480017,960034,-9.2800038112036418
stereo-10s.ogg.stx-scalar.0.csv,1,0.908200000,27.486900000,28.395100000,480017,960034,-9.2800038112036418
stereo-10s.ogg.stx-scalar.0.csv,2,0.934400000,27.287300000,28.221700000,480017,960034,-9.2800038112036418
stereo-10s.ogg.stx-scalar.0.csv,3,0.878200000,27.852000000,28.730200000,480017,960034,-9.2800038112036418
stereo-10s.ogg.stx-scalar.0.csv,4,0.914700000,27.789900000,28.704600000,480017,960034,-9.2800038112036418
stereo-10s.ogg.stx-scalar.0.csv,5,0.912400000,27.960000000,28.872400000,480017,960034,-9.2800038112036418
stereo-10s.ogg.stx-scalar.0.csv,6,0.907100000,27.130400000,28.037500000,480017,960034,-9.2800038112036418
stereo-10s.ogg.stx-scalar.0.csv,7,0.923200000,27.406200000,28.329400000,480017,960034,-9.2800038112036418
stereo-10s.ogg.stx-scalar.0.csv,8,0.918400000,30.906600000,31.825000000,480017,960034,-9.2800038112036418
stereo-10s.ogg.stx-scalar.0.csv,9,0.874800000,27.223700000,28.098500000,480017,960034,-9.2800038112036418
stereo-10s.ogg.stx-scalar.0.csv,10,0.888400000,28.088600000,28.977000000,480017,960034,-9.2800038112036418
stereo-10s.ogg.stx-scalar.0.csv,11,0.894800000,27.741400000,28.636200000,480017,960034,-9.2800038112036418
stereo-10s.ogg.stx-scalar.0.csv,12,0.902600000,27.765900000,28.668500000,480017,960034,-9.2800038112036418
stereo-10s.ogg.stx-scalar.0.csv,13,0.905600000,28.413700000,29.319300000,480017,960034,-9.2800038112036418
stereo-10s.ogg.stx-scalar.0.csv,14,0.917800000,27.439700000,28.357500000,480017,960034,-9.2800038112036418
stereo-10s.ogg.stx-scalar.0.csv,15,0.903000000,28.371000000,29.274000000,480017,960034,-9.2800038112036418
stereo-10s.ogg.stx-scalar.0.csv,16,0.904700000,27.291700000,28.196400000,480017,960034,-9.2800038112036418
stereo-10s.ogg.stx-scalar.0.csv,17,0.891200000,28.084100000,28.975300000,480017,960034,-9.2800038112036418
stereo-10s.ogg.stx-scalar.0.csv,18,0.888900000,27.308900000,28.197800000,480017,960034,-9.2800038112036418
stereo-10s.ogg.stx-scalar.0.csv,19,0.879700000,27.350100000,28.229800000,480017,960034,-9.2800038112036418
stereo-10s.ogg.stx-scalar.0.csv,20,0.896000000,27.621100000,28.517100000,480017,960034,-9.2800038112036418
stereo-10s.ogg.stx-scalar.1.csv,0,0.878900000,26.529300000,27.408200000,480017,960034,-9.2800038112036418
stereo-10s.ogg.stx-scalar.1.csv,1,0.911400000,27.099400000,28.010800000,480017,960034,-9.2800038112036418
stereo-10s.ogg.stx-scalar.1.csv,2,0.878600000,27.577400000,28.456000000,480017,960034,-9.2800038112036418
stereo-10s.ogg.stx-scalar.1.csv,3,0.883900000,28.058600000,28.942500000,480017,960034,-9.2800038112036418
stereo-10s.ogg.stx-scalar.1.csv,4,0.904200000,27.428800000,28.333000000,480017,960034,-9.2800038112036418
stereo-10s.ogg.stx-scalar.1.csv,5,0.920500000,27.788500000,28.709000000,480017,960034,-9.2800038112036418
stereo-10s.ogg.stx-scalar.1.csv,6,0.949700000,27.670100000,28.619800000,480017,960034,-9.2800038112036418
stereo-10s.ogg.stx-scalar.1.csv,7,0.911500000,28.075000000,28.986500000,480017,960034,-9.2800038112036418
stereo-10s.ogg.stx-scalar.1.csv,8,0.942900000,28.041900000,28.984800000,480017,960034,-9.2800038112036418
stereo-10s.ogg.stx-scalar.1.csv,9,1.043300000,27.950200000,28.993500000,480017,960034,-9.2800038112036418
stereo-10s.ogg.stx-scalar.1.csv,10,0.952100000,27.217900000,28.170000000,480017,960034,-9.2800038112036418
stereo-10s.ogg.stx-scalar.1.csv,11,0.947200000,28.341200000,29.288400000,480017,960034,-9.2800038112036418
stereo-10s.ogg.stx-scalar.1.csv,12,0.988100000,26.761900000,27.750000000,480017,960034,-9.2800038112036418
stereo-10s.ogg.stx-scalar.1.csv,13,0.899500000,27.787500000,28.687000000,480017,960034,-9.2800038112036418
stereo-10s.ogg.stx-scalar.1.csv,14,0.912200000,28.102600000,29.014800000,480017,960034,-9.2800038112036418
stereo-10s.ogg.stx-scalar.1.csv,15,1.025300000,27.362200000,28.387500000,480017,960034,-9.2800038112036418
stereo-10s.ogg.stx-scalar.1.csv,16,0.880000000,27.314700000,28.194700000,480017,960034,-9.2800038112036418
stereo-10s.ogg.stx-scalar.1.csv,17,0.952600000,29.166600000,30.119200000,480017,960034,-9.2800038112036418
stereo-10s.ogg.stx-scalar.1.csv,18,0.888700000,27.765600000,28.654300000,480017,960034,-9.2800038112036418
stereo-10s.ogg.stx-scalar.1.csv,19,0.910600000,28.261400000,29.172000000,480017,960034,-9.2800038112036418
stereo-10s.ogg.stx-scalar.1.csv,20,0.907100000,28.148600000,29.055700000,480017,960034,-9.2800038112036418
stereo-10s.ogg.stx-scalar.2.csv,0,0.892200000,26.767400000,27.659600000,480017,960034,-9.2800038112036418
stereo-10s.ogg.stx-scalar.2.csv,1,0.892900000,28.628800000,29.521700000,480017,960034,-9.2800038112036418
stereo-10s.ogg.stx-scalar.2.csv,2,0.929800000,28.348000000,29.277800000,480017,960034,-9.2800038112036418
stereo-10s.ogg.stx-scalar.2.csv,3,0.998900000,27.171000000,28.169900000,480017,960034,-9.2800038112036418
stereo-10s.ogg.stx-scalar.2.csv,4,0.956800000,27.193400000,28.150200000,480017,960034,-9.2800038112036418
stereo-10s.ogg.stx-scalar.2.csv,5,0.886000000,27.787300000,28.673300000,480017,960034,-9.2800038112036418
stereo-10s.ogg.stx-scalar.2.csv,6,1.170800000,27.777300000,28.948100000,480017,960034,-9.2800038112036418
stereo-10s.ogg.stx-scalar.2.csv,7,0.965000000,27.213500000,28.178500000,480017,960034,-9.2800038112036418
stereo-10s.ogg.stx-scalar.2.csv,8,0.920700000,29.139400000,30.060100000,480017,960034,-9.2800038112036418
stereo-10s.ogg.stx-scalar.2.csv,9,0.872100000,27.382100000,28.254200000,480017,960034,-9.2800038112036418
stereo-10s.ogg.stx-scalar.2.csv,10,0.884900000,28.649200000,29.534100000,480017,960034,-9.2800038112036418
stereo-10s.ogg.stx-scalar.2.csv,11,0.895000000,28.221400000,29.116400000,480017,960034,-9.2800038112036418
stereo-10s.ogg.stx-scalar.2.csv,12,0.888600000,27.129300000,28.017900000,480017,960034,-9.2800038112036418
stereo-10s.ogg.stx-scalar.2.csv,13,0.876100000,27.632300000,28.508400000,480017,960034,-9.2800038112036418
stereo-10s.ogg.stx-scalar.2.csv,14,1.010000000,27.684600000,28.694600000,480017,960034,-9.2800038112036418
stereo-10s.ogg.stx-scalar.2.csv,15,0.895800000,27.864500000,28.760300000,480017,960034,-9.2800038112036418
stereo-10s.ogg.stx-scalar.2.csv,16,0.887100000,27.653200000,28.540300000,480017,960034,-9.2800038112036418
stereo-10s.ogg.stx-scalar.2.csv,17,0.892900000,27.922300000,28.815200000,480017,960034,-9.2800038112036418
stereo-10s.ogg.stx-scalar.2.csv,18,0.884300000,27.745200000,28.629500000,480017,960034,-9.2800038112036418
stereo-10s.ogg.stx-scalar.2.csv,19,0.891400000,27.763800000,28.655200000,480017,960034,-9.2800038112036418
stereo-10s.ogg.stx-scalar.2.csv,20,0.876600000,27.868000000,28.744600000,480017,960034,-9.2800038112036418
stereo-10s.ogg.stx-sse2.0.csv,0,0.887400000,21.495900000,22.383300000,480017,960034,-9.2800038112036418
stereo-10s.ogg.stx-sse2.0.csv,1,0.910200000,22.608900000,23.519100000,480017,960034,-9.2800038112036418
stereo-10s.ogg.stx-sse2.0.csv,2,1.093300000,22.794000000,23.887300000,480017,960034,-9.2800038112036418
stereo-10s.ogg.stx-sse2.0.csv,3,0.884200000,22.311000000,23.195200000,480017,960034,-9.2800038112036418
stereo-10s.ogg.stx-sse2.0.csv,4,0.886500000,22.572100000,23.458600000,480017,960034,-9.2800038112036418
stereo-10s.ogg.stx-sse2.0.csv,5,0.890700000,22.554300000,23.445000000,480017,960034,-9.2800038112036418
stereo-10s.ogg.stx-sse2.0.csv,6,0.875200000,21.994800000,22.870000000,480017,960034,-9.2800038112036418
stereo-10s.ogg.stx-sse2.0.csv,7,0.874700000,22.153200000,23.027900000,480017,960034,-9.2800038112036418
stereo-10s.ogg.stx-sse2.0.csv,8,0.877300000,22.073800000,22.951100000,480017,960034,-9.2800038112036418
stereo-10s.ogg.stx-sse2.0.csv,9,1.018200000,22.486000000,23.504200000,480017,960034,-9.2800038112036418
stereo-10s.ogg.stx-sse2.0.csv,10,0.888000000,21.918000000,22.806000000,480017,960034,-9.2800038112036418
stereo-10s.ogg.stx-sse2.0.csv,11,0.888600000,21.849800000,22.738400000,480017,960034,-9.2800038112036418
stereo-10s.ogg.stx-sse2.0.csv,12,0.869600000,21.769100000,22.638700000,480017,960034,-9.2800038112036418
stereo-10s.ogg.stx-sse2.0.csv,13,0.865800000,22.318200000,23.184000000,480017,960034,-9.2800038112036418
stereo-10s.ogg.stx-sse2.0.csv,14,0.909100000,22.209400000,23.118500000,480017,960034,-9.2800038112036418
stereo-10s.ogg.stx-sse2.0.csv,15,0.876900000,21.548100000,22.425000000,480017,960034,-9.2800038112036418
stereo-10s.ogg.stx-sse2.0.csv,16,0.944300000,22.197700000,23.142000000,480017,960034,-9.2800038112036418
stereo-10s.ogg.stx-sse2.0.csv,17,1.005500000,21.758400000,22.763900000,480017,960034,-9.2800038112036418
stereo-10s.ogg.stx-sse2.0.csv,18,1.158100000,22.120500000,23.278600000,480017,960034,-9.2800038112036418
stereo-10s.ogg.stx-sse2.0.csv,19,0.942500000,22.463900000,23.406400000,480017,960034,-9.2800038112036418
stereo-10s.ogg.stx-sse2.0.csv,20,0.952400000,23.105100000,24.057500000,480017,960034,-9.2800038112036418
stereo-10s.ogg.stx-sse2.1.csv,0,0.886000000,21.611300000,22.497300000,480017,960034,-9.2800038112036418
stereo-10s.ogg.stx-sse2.1.csv,1,0.907600000,21.100000000,22.007600000,480017,960034,-9.2800038112036418
stereo-10s.ogg.stx-sse2.1.csv,2,1.012200000,22.711200000,23.723400000,480017,960034,-9.2800038112036418
stereo-10s.ogg.stx-sse2.1.csv,3,0.941000000,22.353400000,23.294400000,480017,960034,-9.2800038112036418
stereo-10s.ogg.stx-sse2.1.csv,4,0.979500000,24.456800000,25.436300000,480017,960034,-9.2800038112036418
stereo-10s.ogg.stx-sse2.1.csv,5,1.226400000,23.557900000,24.784300000,480017,960034,-9.2800038112036418
stereo-10s.ogg.stx-sse2.1.csv,6,0.877000000,22.484400000,23.361400000,480017,960034,-9.2800038112036418
stereo-10s.ogg.stx-sse2.1.csv,7,0.907900000,22.126300000,23.034200000,480017,960034,-9.2800038112036418
stereo-10s.ogg.stx-sse2.1.csv,8,0.876000000,22.834600000,23.710600000,480017,960034,-9.2800038112036418
stereo-10s.ogg.stx-sse2.1.csv,9,0.913600000,22.538200000,23.451800000,480017,960034,-9.2800038112036418
stereo-10s.ogg.stx-sse2.1.csv,10,0.874700000,22.437000000,23.311700000,480017,960034,-9.2800038112036418
stereo-10s.ogg.stx-sse2.1.csv,11,0.916900000,22.313200000,23.230100000,480017,960034,-9.2800038112036418
stereo-10s.ogg.stx-sse2.1.csv,12,0.906700000,22.235400000,23.142100000,480017,960034,-9.2800038112036418
stereo-10s.ogg.stx-sse2.1.csv,13,0.882800000,22.089000000,22.971800000,480017,960034,-9.2800038112036418
stereo-10s.ogg.stx-sse2.1.csv,14,0.881300000,22.488600000,23.369900000,480017,960034,-9.2800038112036418
stereo-10s.ogg.stx-sse2.1.csv,15,0.895600000,22.920900000,23.816500000,480017,960034,-9.2800038112036418
stereo-10s.ogg.stx-sse2.1.csv,16,0.947700000,23.627700000,24.575400000,480017,960034,-9.2800038112036418
stereo-10s.ogg.stx-sse2.1.csv,17,0.923600000,22.343500000,23.267100000,480017,960034,-9.2800038112036418
stereo-10s.ogg.stx-sse2.1.csv,18,0.922500000,23.899800000,24.822300000,480017,960034,-9.2800038112036418
stereo-10s.ogg.stx-sse2.1.csv,19,1.015800000,23.255700000,24.271500000,480017,960034,-9.2800038112036418
stereo-10s.ogg.stx-sse2.1.csv,20,0.899800000,23.342400000,24.242200000,480017,960034,-9.2800038112036418
stereo-10s.ogg.stx-sse2.2.csv,0,0.913900000,22.197800000,23.111700000,480017,960034,-9.2800038112036418
stereo-10s.ogg.stx-sse2.2.csv,1,0.943400000,22.357800000,23.301200000,480017,960034,-9.2800038112036418
stereo-10s.ogg.stx-sse2.2.csv,2,1.019300000,22.469100000,23.488400000,480017,960034,-9.2800038112036418
stereo-10s.ogg.stx-sse2.2.csv,3,0.948100000,22.130300000,23.078400000,480017,960034,-9.2800038112036418
stereo-10s.ogg.stx-sse2.2.csv,4,0.882800000,21.918900000,22.801700000,480017,960034,-9.2800038112036418
stereo-10s.ogg.stx-sse2.2.csv,5,0.884000000,22.078400000,22.962400000,480017,960034,-9.2800038112036418
stereo-10s.ogg.stx-sse2.2.csv,6,0.871700000,21.845800000,22.717500000,480017,960034,-9.2800038112036418
stereo-10s.ogg.stx-sse2.2.csv,7,0.881800000,23.884400000,24.766200000,480017,960034,-9.2800038112036418
stereo-10s.ogg.stx-sse2.2.csv,8,0.943400000,22.203700000,23.147100000,480017,960034,-9.2800038112036418
stereo-10s.ogg.stx-sse2.2.csv,9,0.876000000,22.000600000,22.876600000,480017,960034,-9.2800038112036418
stereo-10s.ogg.stx-sse2.2.csv,10,0.871600000,22.091900000,22.963500000,480017,960034,-9.2800038112036418
stereo-10s.ogg.stx-sse2.2.csv,11,0.875400000,22.403500000,23.278900000,480017,960034,-9.2800038112036418
stereo-10s.ogg.stx-sse2.2.csv,12,0.898600000,22.357100000,23.255700000,480017,960034,-9.2800038112036418
stereo-10s.ogg.stx-sse2.2.csv,13,0.873800000,22.899300000,23.773100000,480017,960034,-9.2800038112036418
stereo-10s.ogg.stx-sse2.2.csv,14,0.922300000,21.984600000,22.906900000,480017,960034,-9.2800038112036418
stereo-10s.ogg.stx-sse2.2.csv,15,0.893000000,22.034700000,22.927700000,480017,960034,-9.2800038112036418
stereo-10s.ogg.stx-sse2.2.csv,16,0.894600000,21.681400000,22.576000000,480017,960034,-9.2800038112036418
stereo-10s.ogg.stx-sse2.2.csv,17,0.921800000,22.548200000,23.470000000,480017,960034,-9.2800038112036418
stereo-10s.ogg.stx-sse2.2.csv,18,0.925600000,21.978600000,22.904200000,480017,960034,-9.2800038112036418
stereo-10s.ogg.stx-sse2.2.csv,19,0.904900000,22.922500000,23.827400000,480017,960034,-9.2800038112036418
stereo-10s.ogg.stx-sse2.2.csv,20,0.919900000,22.925500000,23.845400000,480017,960034,-9.2800038112036418
stereo-10s.ogg.tremor.0.csv,0,0.529000000,21.535900000,22.064900000,480017,960034,-4.931915283203125
stereo-10s.ogg.tremor.0.csv,1,0.492400000,21.363400000,21.855800000,480017,960034,-4.931915283203125
stereo-10s.ogg.tremor.0.csv,2,0.506800000,21.883700000,22.390500000,480017,960034,-4.931915283203125
stereo-10s.ogg.tremor.0.csv,3,0.491300000,21.181100000,21.672400000,480017,960034,-4.931915283203125
stereo-10s.ogg.tremor.0.csv,4,0.486800000,21.504200000,21.991000000,480017,960034,-4.931915283203125
stereo-10s.ogg.tremor.0.csv,5,0.530200000,21.498000000,22.028200000,480017,960034,-4.931915283203125
stereo-10s.ogg.tremor.0.csv,6,0.500800000,21.125900000,21.626700000,480017,960034,-4.931915283203125
stereo-10s.ogg.tremor.0.csv,7,0.503000000,20.966300000,21.469300000,480017,960034,-4.931915283203125
stereo-10s.ogg.tremor.0.csv,8,0.494400000,21.370700000,21.865100000,480017,960034,-4.931915283203125
stereo-10s.ogg.tremor.0.csv,9,0.499800000,20.973600000,21.473400000,480017,960034,-4.931915283203125
stereo-10s.ogg.tremor.0.csv,10,0.494400000,21.021400000,21.515800000,480017,960034,-4.931915283203125
stereo-10s.ogg.tremor.0.csv,11,0.479400000,21.052200000,21.531600000,480017,960034,-4.931915283203125
stereo-10s.ogg.tremor.0.csv,12,0.492200000,21.026900000,21.519100000,480017,960034,-4.931915283203125
stereo-10s.ogg.tremor.0.csv,13,0.477800000,21.506200000,21.984000000,480017,960034,-4.931915283203125
stereo-10s.ogg.tremor.0.csv,14,0.472200000,21.143700000,21.615900000,480017,960034,-4.931915283203125
stereo-10s.ogg.tremor.0.csv,15,0.525700000,21.340400000,21.866100000,480017,960034,-4.931915283203125
stereo-10s.ogg.tremor.0.csv,16,0.491600000,21.055300000,21.546900000,480017,960034,-4.931915283203125
stereo-10s.ogg.tremor.0.csv,17,0.491400000,21.591000000,22.082400000,480017,960034,-4.931915283203125
stereo-10s.ogg.tremor.0.csv,18,0.511300000,22.759200000,23.270500000,480017,960034,-4.931915283203125
stereo-10s.ogg.tremor.0.csv,19,0.516200000,21.335300000,21.851500000,480017,960034,-4.931915283203125
stereo-10s.ogg.tremor.0.csv,20,0.498600000,21.502400000,22.001000000,480017,960034,-4.931915283203125
stereo-10s.ogg.tremor.1.csv,0,0.743600000,21.366100000,22.109700000,480017,960034,-4.931915283203125
stereo-10s.ogg.tremor.1.csv,1,0.497100000,21.185500000,21.682600000,480017,960034,-4.931915283203125
stereo-10s.ogg.tremor.1.csv,2,0.502400000,21.825400000,22.327800000,480017,960034,-4.931915283203125
stereo-10s.ogg.tremor.1.csv,3,0.499500000,20.975600000,21.475100000,480017,960034,-4.931915283203125
stereo-10s.ogg.tremor.1.csv,4,0.485000000,20.966200000,21.451200000,480017,960034,-4.931915283203125
stereo-10s.ogg.tremor.1.csv,5,0.494200000,20.911700000,21.405900000,480017,960034,-4.931915283203125
stereo-10s.ogg.tremor.1.csv,6,0.506600000,21.657700000,22.164300000,480017,960034,-4.931915283203125
stereo-10s.ogg.tremor.1.csv,7,0.503300000,21.998600000,22.501900000,480017,960034,-4.931915283203125
stereo-10s.ogg.tremor.1.csv,8,0.510300000,21.045900000,21.556200000,480017,960034,-4.931915283203125
stereo-10s.ogg.tremor.1.csv,9,0.481100000,21.308200000,21.789300000,480017,960034,-4.931915283203125
stereo-10s.ogg.tremor.1.csv,10,0.493900000,21.455400000,21.949300000,480017,960034,-4.931915283203125
stereo-10s.ogg.tremor.1.csv,11,0.490700000,21.219500000,21.710200000,480017,960034,-4.931915283203125
stereo-10s.ogg.tremor.1.csv,12,0.500800000,21.183800000,21.684600000,480017,960034,-4.931915283203125
stereo-10s.ogg.tremor.1.csv,13,0.510700000,21.282000000,21.792700000,480017,960034,-4.931915283203125
stereo-10s.ogg.tremor.1.csv,14,0.514100000,21.202000000,21.716100000,480017,960034,-4.931915283203125
stereo-10s.ogg.tremor.1.csv,15,0.486900000,21.772600000,22.259500000,480017,960034,-4.931915283203125
stereo-10s.ogg.tremor.1.csv,16,0.507200000,21.014700000,21.521900000,480017,960034,-4.931915283203125
stereo-10s.ogg.tremor.1.csv,17,0.477900000,21.006100000,21.484000000,480017,960034,-4.931915283203125
stereo-10s.ogg.tremor.1.csv,18,0.529900000,21.446200000,21.976100000,480017,960034,-4.931915283203125
stereo-10s.ogg.tremor.1.csv,19,0.506000000,21.601300000,22.107300000,480017,960034,-4.931915283203125
stereo-10s.ogg.tremor.1.csv,20,0.523400000,21.819200000,22.342600000,480017,960034,-4.931915283203125
stereo-10s.ogg.tremor.2.csv,0,0.534200000,21.433500000,21.967700000,480017,960034,-4.931915283203125
stereo-10s.ogg.tremor.2.csv,1,0.500800000,21.134200000,21.635000000,480017,960034,-4.931915283203125
stereo-10s.ogg.tremor.2.csv,2,0.486000000,21.105600000,21.591600000,480017,960034,-4.931915283203125
stereo-10s.ogg.tremor.2.csv,3,0.502100000,21.389200000,21.891300000,480017,960034,-4.931915283203125
stereo-10s.ogg.tremor.2.csv,4,0.492200000,21.032400000,21.524600000,480017,960034,-4.931915283203125
stereo-10s.ogg.tremor.2.csv,5,0.495100000,20.909000000,21.404100000,480017,960034,-4.931915283203125
stereo-10s.ogg.tremor.2.csv,6,0.477400000,20.891900000,21.369300000,480017,960034,-4.931915283203125
stereo-10s.ogg.tremor.2.csv,7,0.476300000,20.921300000,21.397600000,480017,960034,-4.931915283203125
stereo-10s.ogg.tremor.2.csv,8,0.499400000,20.912400000,21.411800000,480017,960034,-4.931915283203125
stereo-10s.ogg.tremor.2.csv,9,0.489800000,20.865200000,21.355000000,480017,960034,-4.931915283203125
stereo-10s.ogg.tremor.2.csv,10,0.486800000,21.577700000,22.064500000,480017,960034,-4.931915283203125
stereo-10s.ogg.tremor.2.csv,11,0.512000000,21.305600000,21.817600000,480017,960034,-4.931915283203125
stereo-10s.ogg.tremor.2.csv,12,0.791000000,21.069400000,21.860400000,480017,960034,-4.931915283203125
stereo-10s.ogg.tremor.2.csv,13,0.490800000,21.588200000,22.079000000,480017,960034,-4.931915283203125
stereo-10s.ogg.tremor.2.csv,14,0.506400000,21.754900000,22.261300000,480017,960034,-4.931915283203125
stereo-10s.ogg.tremor.2.csv,15,0.506800000,21.213900000,21.720700000,480017,960034,-4.931915283203125
stereo-10s.ogg.tremor.2.csv,16,0.498100000,21.713300000,22.211400000,480017,960034,-4.931915283203125
stereo-10s.ogg.tremor.2.csv,17,0.539500000,21.906500000,22.446000000,480017,960034,-4.931915283203125
stereo-10s.ogg.tremor.2.csv,18,0.490700000,20.967500000,21.458200000,480017,960034,-4.931915283203125
stereo-10s.ogg.tremor.2.csv,19,0.484800000,21.610600000,22.095400000,480017,960034,-4.931915283203125
stereo-10s.ogg.tremor.2.csv,20,0.507500000,21.204700000,21.712200000,480017,960034,-4.931915283203125
surround-10s.ogg.libvorbis.0.csv,0,1.150800000,42.710200000,43.861000000,480017,2880102,-1.1303205870744932
surround-10s.ogg.libvorbis.0.csv,1,1.209900000,42.098300000,43.308200000,480017,2880102,-1.1303205870744932
surround-10s.ogg.libvorbis.0.csv,2,1.183900000,42.577600000,43.761500000,480017,2880102,-1.1303205870744932
surround-10s.ogg.libvorbis.0.csv,3,1.195000000,41.799200000,42.994200000,480017,2880102,-1.1303205870744932
surround-10s.ogg.libvorbis.0.csv,4,1.218200000,43.377300000,44.595500000,480017,2880102,-1.1303205870744932
surround-10s.ogg.libvorbis.0.csv,5,1.193600000,42.208500000,43.402100000,480017,2880102,-1.1303205870744932
surround-10s.ogg.libvorbis.0.csv,6,1.215400000,41.623400000,42.838800000,480017,2880102,-1.1303205870744932
surround-10s.ogg.libvorbis.0.csv,7,1.186200000,41.889900000,43.076100000,480017,2880102,-1.1303205870744932
surround-10s.ogg.libvorbis.0.csv,8,1.197900000,41.882700000,43.080600000,480017,2880102,-1.1303205870744932
surround-10s.ogg.libvorbis.0.csv,9,1.197100000,41.524100000,42.721200000,480017,2880102,-1.1303205870744932
surround-10s.ogg.libvorbis.0.csv,10,1.179300000,41.706600000,42.885900000,480017,2880102,-1.1303205870744932
surround-10s.ogg.libvorbis.0.csv,11,1.248600000,42.176400000,43.425000000,480017,2880102,-1.1303205870744932
surround-10s.ogg.libvorbis.0.csv,12,1.193700000,41.796900000,42.990600000,480017,2880102,-1.1303205870744932
surround-10s.ogg.libvorbis.0.csv,13,1.119600000,43.145900000,44.265500000,480017,2880102,-1.1303205870744932
surround-10s.ogg.libvorbis.0.csv,14,1.162900000,41.792200000,42.955100000,480017,2880102,-1.1303205870744932
surround-10s.ogg.libvorbis.0.csv,15,1.186100000,41.932800000,43.118900000,480017,2880102,-1.1303205870744932
surround-10s.ogg.libvorbis.0.csv,16,1.197000000,42.089200000,43.286200000,480017,2880102,-1.1303205870744932
surround-10s.ogg.libvorbis.0.csv,17,1.161300000,42.571500000,43.732800000,480017,2880102,-1.1303205870744932
surround-10s.ogg.libvorbis.0.csv,18,1.188500000,43.125900000,44.314400000,480017,2880102,-1.1303205870744932
surround-10s.ogg.libvorbis.0.csv,19,1.308400000,41.910500000,43.218900000,480017,2880102,-1.1303205870744932
surround-10s.ogg.libvorbis.0.csv,20,1.208200000,43.369200000,44.577400000,480017,2880102,-1.1303205870744932
surround-10s.ogg.libvorbis.1.csv,0,1.250800000,42.018900000,43.269700000,480017,2880102,-1.1303205870744932
surround-10s.ogg.libvorbis.1.csv,1,1.187500000,41.561600000,42.749100000,480017,2880102,-1.1303205870744932
surround-10s.ogg.libvorbis.1.csv,2,1.184600000,41.753800000,42.938400000,480017,2880102,-1.1303205870744932
surround-10s.ogg.libvorbis.1.csv,3,1.187700000,43.240900000,44.428600000,480017,2880102,-1.1303205870744932
surround-10s.ogg.libvorbis.1.csv,4,1.190100000,42.405600000,43.595700000,480017,2880102,-1.1303205870744932
surround-10s.ogg.libvorbis.1.csv,5,1.232300000,41.937200000,43.169500000,480017,2880102,-1.1303205870744932
surround-10s.ogg.libvorbis.1.csv,6,1.234200000,42.044700000,43.278900000,480017,2880102,-1.1303205870744932
surround-10s.ogg.libvorbis.1.csv,7,1.213700000,42.501600000,43.715300000,480017,2880102,-1.1303205870744932
surround-10s.ogg.libvorbis.1.csv,8,1.185400000,42.878300000,44.063700000,480017,2880102,-1.1303205870744932
surround-10s.ogg.libvorbis.1.csv,9,1.207900000,43.572800000,44.780700000,480017,2880102,-1.1303205870744932
surround-10s.ogg.libvorbis.1.csv,10,1.214500000,41.665800000,42.880300000,480017,2880102,-1.1303205870744932
surround-10s.ogg.libvorbis.1.csv,11,1.203200000,43.332600000,44.535800000,480017,2880102,-1.1303205870744932
surround-10s.ogg.libvorbis.1.csv,12,1.137200000,41.731600000,42.868800000,480017,2880102,-1.1303205870744932
surround-10s.ogg.libvorbis.1.csv,13,1.199600000,41.787100000,42.986700000,480017,2880102,-1.1303205870744932
surround-10s.ogg.libvorbis.1.csv,14,1.187200000,41.709000000,42.896200000,480017,2880102,-1.1303205870744932
surround-10s.ogg.libvorbis.1.csv,15,1.193200000,43.316100000,44.509300000,480017,2880102,-1.1303205870744932
surround-10s.ogg.libvorbis.1.csv,16,1.182800000,42.452800000,43.635600000,480017,2880102,-1.1303205870744932
surround-10s.ogg.libvorbis.1.csv,17,1.201900000,42.394800000,43.596700000,480017,2880102,-1.1303205870744932
surround-10s.ogg.libvorbis.1.csv,18,1.187000000,43.320800000,44.507800000,480017,2880102,-1.1303205870744932
surround-10s.ogg.libvorbis.1.csv,19,1.175400000,42.574200000,43.749600000,480017,2880102,-1.1303205870744932
surround-10s.ogg.libvorbis.1.csv,20,1.237600000,42.288700000,43.526300000,480017,2880102,-1.1303205870744932
surround-10s.ogg.libvorbis.2.csv,0,1.273700000,41.510100000,42.783800000,480017,2880102,-1.1303205870744932
surround-10s.ogg.libvorbis.2.csv,1,1.297400000,41.540400000,42.837800000,480017,2880102,-1.1303205870744932
surround-10s.ogg.libvorbis.2.csv,2,1.192200000,41.846900000,43.039100000,480017,2880102,-1.1303205870744932
surround-10s.ogg.libvorbis.2.csv,3,1.179600000,41.415200000,42.594800000,480017,2880102,-1.1303205870744932
surround-10s.ogg.libvorbis.2.csv,4,1.193000000,42.380400000,43.573400000,480017,2880102,-1.1303205870744932
surround-10s.ogg.libvorbis.2.csv,5,1.204100000,42.424000000,43.628100000,480017,2880102,-1.1303205870744932
surround-10s.ogg.libvorbis.2.csv,6,1.203500000,42.376200000,43.579700000,480017,2880102,-1.1303205870744932
surround-10s.ogg.libvorbis.2.csv,7,1.163600000,41.642800000,42.806400000,480017,2880102,-1.1303205870744932
surround-10s.ogg.libvorbis.2.csv,8,1.185000000,41.621700000,42.806700000,480017,2880102,-1.1303205870744932
surround-10s.ogg.libvorbis.2.csv,9,1.239100000,42.930300000,44.169400000,480017,2880102,-1.1303205870744932
surround-10s.ogg.libvorbis.2.csv,10,1.185200000,43.423900000,44.609100000,480017,2880102,-1.1303205870744932
surround-10s.ogg.libvorbis.2.csv,11,1.187100000,41.805500000,42.992600000,480017,2880102,-1.1303205870744932
surround-10s.ogg.libvorbis.2.csv,12,1.203200000,42.426100000,43.629300000,480017,2880102,-1.1303205870744932
surround-10s.ogg.libvorbis.2.csv,13,1.184600000,42.395000000,43.579600000,480017,2880102,-1.1303205870744932
surround-10s.ogg.libvorbis.2.csv,14,1.205000000,42.206200000,43.411200000,480017,2880102,-1.1303205870744932
surround-10s.ogg.libvorbis.2.csv,15,1.200800000,42.305800000,43.506600000,480017,2880102,-1.1303205870744932
surround-10s.ogg.libvorbis.2.csv,16,1.194500000,42.575200000,43.769700000,480017,2880102,-1.1303205870744932
surround-10s.ogg.libvorbis.2.csv,17,1.190400000,41.615200000,42.805600000,480017,2880102,-1.1303205870744932
surround-10s.ogg.libvorbis.2.csv,18,1.183000000,42.354400000,43.537400000,480017,2880102,-1.1303205870744932
surround-10s.ogg.libvorbis.2.csv,19,1.182600000,42.291800000,43.474400000,480017,2880102,-1.1303205870744932
surround-10s.ogg.libvorbis.2.csv,20,1.200300000,43.014200000,44.214500000,480017,2880102,-1.1303205870744932
surround-10s.ogg.stb.0.csv,0,1.030800000,25.424400000,26.455200000,480017,2880102,-2803.5806778801361
surround-10s.ogg.stb.0.csv,1,1.029400000,25.048300000,26.077700000,480017,2880102,-2803.5806778801361
surround-10s.ogg.stb.0.csv,2,1.033900000,25.468200000,26.502100000,480017,2880102,-2803.5806778801361
surround-10s.ogg.stb.0.csv,3,1.040100000,25.321300000,26.361400000,480017,2880102,-2803.5806778801361
surround-10s.ogg.stb.0.csv,4,1.022800000,25.450900000,26.473700000,480017,2880102,-2803.5806778801361
surround-10s.ogg.stb.0.csv,5,1.036100000,25.532300000,26.568400000,480017,2880102,-2803.5806778801361
surround-10s.ogg.stb.0.csv,6,1.033300000,25.405100000,26.438400000,480017,2880102,-2803.5806778801361
surround-10s.ogg.stb.0.csv,7,1.054100000,25.133800000,26.187900000,480017,2880102,-2803.5806778801361
surround-10s.ogg.stb.0.csv,8,1.075600000,25.317800000,26.393400000,480017,2880102,-2803.5806778801361
surround-10s.ogg.stb.0.csv,9,1.003700000,26.593600000,27.597300000,480017,2880102,-2803.5806778801361
surround-10s.ogg.stb.0.csv,10,1.062600000,26.412500000,27.475100000,480017,2880102,-2803.5806778801361
surround-10s.ogg.stb.0.csv,11,0.999300000,25.610600000,26.609900000,480017,2880102,-2803.5806778801361
surround-10s.ogg.stb.0.csv,12,0.989000000,25.144700000,26.133700000,480017,2880102,-2803.5806778801361
surround-10s.ogg.stb.0.csv,13,0.987500000,25.091800000,26.079300000,480017,2880102,-2803.5806778801361
surround-10s.ogg.stb.0.csv,14,1.000400000,25.412100000,26.412500000,480017,2880102,-2803.5806778801361
surround-10s.ogg.stb.0.csv,15,1.068300000,26.542900000,27.611200000,480017,2880102,-2803.5806778801361
surround-10s.ogg.stb.0.csv,16,1.015700000,25.792200000,26.807900000,480017,2880102,-2803.5806778801361
surround-10s.ogg.stb.0.csv,17,1.075900000,25.959700000,27.035600000,480017,2880102,-2803.5806778801361
surround-10s.ogg.stb.0.csv,18,1.336200000,26.029600000,27.365800000,480017,2880102,-2803.5806778801361
surround-10s.ogg.stb.0.csv,19,0.994400000,25.197000000,26.191400000,480017,2880102,-2803.5806778801361
surround-10s.ogg.stb.0.csv,20,1.000600000,25.853100000,26.853700000,480017,2880102,-2803.5806778801361
surround-10s.ogg.stb.1.csv,0,1.075200000,25.170000000,26.245200000,480017,2880102,-2803.5806778801361
surround-10s.ogg.stb.1.csv,1,1.025800000,25.198900000,26.224700000,480017,2880102,-2803.5806778801361
surround-10s.ogg.stb.1.csv,2,1.015300000,26.095400000,27.110700000,480017,2880102,-2803.5806778801361
surround-10s.ogg.stb.1.csv,3,1.103900000,26.582400000,27.686300000,480017,2880102,-2803.5806778801361
surround-10s.ogg.stb.1.csv,4,1.043700000,25.678100000,26.721800000,480017,2880102,-2803.5806778801361
surround-10s.ogg.stb.1.csv,5,1.027100000,25.181400000,26.208500000,480017,2880102,-2803.5806778801361
surround-10s.ogg.stb.1.csv,6,1.038700000,24.992300000,26.031000000,480017,2880102,-2803.5806778801361
surround-10s.ogg.stb.1.csv,7,1.035900000,24.996500000,26.032400000,480017,2880102,-2803.5806778801361
surround-10s.ogg.stb.1.csv,8,1.017200000,27.585500000,28.602700000,480017,2880102,-2803.5806778801361
surround-10s.ogg.stb.1.csv,9,0.999800000,26.357700000,27.357500000,480017,2880102,-2803.5806778801361
surround-10s.ogg.stb.1.csv,10,1.122800000,25.656100000,26.778900000,480017,2880102,-2803.5806778801361
surround-10s.ogg.stb.1.csv,11,1.000700000,26.124100000,27.124800000,480017,2880102,-2803.5806778801361
surround-10s.ogg.stb.1.csv,12,0.995800000,25.145300000,26.141100000,480017,2880102,-2803.5806778801361
surround-10s.ogg.stb.1.csv,13,1.000300000,25.149500000,26.149800000,480017,2880102,-2803.5806778801361
surround-10s.ogg.stb.1.csv,14,1.032500000,26.501900000,27.534400000,480017,2880102,-2803.5806778801361
surround-10s.ogg.stb.1.csv,15,1.139600000,26.916600000,28.056200000,480017,2880102,-2803.5806778801361
surround-10s.ogg.stb.1.csv,16,0.996600000,26.177000000,27.173600000,480017,2880102,-2803.5806778801361
surround-10s.ogg.stb.1.csv,17,1.005400000,25.440500000,26.445900000,480017,2880102,-2803.5806778801361
surround-10s.ogg.stb.1.csv,18,1.014600000,27.680400000,28.695000000,480017,2880102,-2803.5806778801361
surround-10s.ogg.stb.1.csv,19,1.177600000,27.208000000,28.385600000,480017,2880102,-2803.5806778801361
surround-10s.ogg.stb.1.csv,20,1.076300000,26.847600000,27.923900000,480017,2880102,-2803.5806778801361
surround-10s.ogg.stb.2.csv,0,1.034200000,26.134400000,27.168600000,480017,2880102,-2803.5806778801361
surround-10s.ogg.stb.2.csv,1,1.040200000,25.786100000,26.826300000,480017,2880102,-2803.5806778801361
surround-10s.ogg.stb.2.csv,2,1.041200000,25.713900000,26.755100000,480017,2880102,-2803.5806778801361
surround-10s.ogg.stb.2.csv,3,1.050600000,25.444700000,26.495300000,480017,2880102,-2803.5806778801361
surround-10s.ogg.stb.2.csv,4,1.072400000,25.310200000,26.382600000,480017,2880102,-2803.5806778801361
surround-10s.ogg.stb.2.csv,5,1.040800000,26.344700000,27.385500000,480017,2880102,-2803.5806778801361
surround-10s.ogg.stb.2.csv,6,1.014100000,25.669600000,26.683700000,480017,2880102,-2803.5806778801361
surround-10s.ogg.stb.2.csv,7,1.182400000,26.398300000,27.580700000,480017,2880102,-2803.5806778801361
surround-10s.ogg.stb.2.csv,8,1.060400000,25.588000000,26.648400000,480017,2880102,-2803.5806778801361
surround-10s.ogg.stb.2.csv,9,0.994600000,25.796100000,26.790700000,480017,2880102,-2803.5806778801361
surround-10s.ogg.stb.2.csv,10,1.001400000,25.340300000,26.341700000,480017,2880102,-2803.5806778801361
surround-10s.ogg.stb.2.csv,11,0.996300000,25.950500000,26.946800000,480017,2880102,-2803.5806778801361
surround-10s.ogg.stb.2.csv,12,1.007900000,25.531400000,26.539300000,480017,2880102,-2803.5806778801361
surround-10s.ogg.stb.2.csv,13,0.994900000,25.222300000,26.217200000,480017,2880102,-2803.5806778801361
surround-10s.ogg.stb.2.csv,14,0.993800000,25.319400000,26.313200000,480017,2880102,-2803.5806778801361
surround-10s.ogg.stb.2.csv,15,1.027700000,25.772600000,26.800300000,480017,2880102,-2803.5806778801361
surround-10s.ogg.stb.2.csv,16,1.004900000,26.761000000,27.765900000,480017,2880102,-2803.5806778801361
surround-10s.ogg.stb.2.csv,17,1.076900000,25.748800000,26.825700000,480017,2880102,-2803.5806778801361
surround-10s.ogg.stb.2.csv,18,0.994400000,25.892500000,26.886900000,480017,2880102,-2803.5806778801361
surround-10s.ogg.stb.2.csv,19,0.993300000,25.193600000,26.186900000,480017,2880102,-2803.5806778801361
surround-10s.ogg.stb.2.csv,20,0.988500000,25.520500000,26.509000000,480017,2880102,-2803.5806778801361
surround-10s.ogg.stx-avx2.0.csv,0,1.618200000,58.051000000,59.669200000,480017,2880102,-1.1303274615124792
surround-10s.ogg.stx-avx2.0.csv,1,1.446800000,60.676600000,62.123400000,480017,2880102,-1.1303274615124792
surround-10s.ogg.stx-avx2.0.csv,2,1.430000000,58.099800000,59.529800000,480017,2880102,-1.1303274615124792
surround-10s.ogg.stx-avx2.0.csv,3,1.450800000,57.083600000,58.534400000,480017,2880102,-1.1303274615124792
surround-10s.ogg.stx-avx2.0.csv,4,1.271100000,60.534600000,61.805700000,480017,2880102,-1.1303274615124792
surround-10s.ogg.stx-avx2.0.csv,5,1.420300000,60.627900000,62.048200000,480017,2880102,-1.1303274615124792
surround-10s.ogg.stx-avx2.0.csv,6,1.264600000,59.622600000,60.887200000,480017,2880102,-1.1303274615124792
surround-10s.ogg.stx-avx2.0.csv,7,1.285100000,60.942100000,62.227200000,480017,2880102,-1.1303274615124792
surround-10s.ogg.stx-avx2.0.csv,8,1.301700000,59.262200000,60.563900000,480017,2880102,-1.1303274615124792
surround-10s.ogg.stx-avx2.0.csv,9,1.265000000,59.483800000,60.748800000,480017,2880102,-1.1303274615124792
surround-10s.ogg.stx-avx2.0.csv,10,1.288700000,59.458400000,60.747100000,480017,2880102,-1.1303274615124792
surround-10s.ogg.stx-avx2.0.csv,11,1.306900000,58.190900000,59.497800000,480017,2880102,-1.1303274615124792
surround-10s.ogg.stx-avx2.0.csv,12,1.435500000,58.783400000,60.218900000,480017,2880102,-1.1303274615124792
surround-10s.ogg.stx-avx2.0.csv,13,1.490400000,60.155500000,61.645900000,480017,2880102,-1.1303274615124792
surround-10s.ogg.stx-avx2.0.csv,14,1.410300000,58.702300000,60.112600000,480017,2880102,-1.1303274615124792
surround-10s.ogg.stx-avx2.0.csv,15,1.500700000,59.519900000,61.020600000,480017,2880102,-1.1303274615124792
surround-10s.ogg.stx-avx2.0.csv,16,1.671700000,58.729700000,60.401400000,480017,2880102,-1.1303274615124792
surround-10s.ogg.stx-avx2.0.csv,17,1.624300000,58.377300000,60.001600000,480017,2880102,-1.1303274615124792
surround-10s.ogg.stx-avx2.0.csv,18,1.669300000,59.689000000,61.358300000,480017,2880102,-1.1303274615124792
surround-10s.ogg.stx-avx2.0.csv,19,1.736600000,59.537700000,61.274300000,480017,2880102,-1.1303274615124792
surround-10s.ogg.stx-avx2.0.csv,20,1.276700000,59.339200000,60.615900000,480017,2880102,-1.1303274615124792
surround-10s.ogg.stx-avx2.1.csv,0,1.420900000,58.162300000,59.583200000,480017,2880102,-1.1303274615124792
surround-10s.ogg.stx-avx2.1.csv,1,1.418300000,57.746500000,59.164800000,480017,2880102,-1.1303274615124792
surround-10s.ogg.stx-avx2.1.csv,2,1.746200000,57.980700000,59.726900000,480017,2880102,-1.1303274615124792
surround-10s.ogg.stx-avx2.1.csv,3,1.398800000,57.757700000,59.156500000,480017,2880102,-1.1303274615124792
surround-10s.ogg.stx-avx2.1.csv,4,1.306100000,58.042700000,59.348800000,480017,2880102,-1.1303274615124792
surround-10s.ogg.stx-avx2.1.csv,5,1.294600000,61.055500000,62.350100000,480017,2880102,-1.1303274615124792
surround-10s.ogg.stx-avx2.1.csv,6,1.285300000,60.054800000,61.340100000,480017,2880102,-1.1303274615124792
surround-10s.ogg.stx-avx2.1.csv,7,1.277300000,61.223400000,62.500700000,480017,2880102,-1.1303274615124792
surround-10s.ogg.stx-avx2.1.csv,8,1.293000000,61.467200000,62.760200000,480017,2880102,-1.1303274615124792
surround-10s.ogg.stx-avx2.1.csv,9,1.327700000,59.761900000,61.089600000,480017,2880102,-1.1303274615124792
surround-10s.ogg.stx-avx2.1.csv,10,1.319400000,59.300800000,60.620200000,480017,2880102,-1.1303274615124792
surround-10s.ogg.stx-avx2.1.csv,11,1.267700000,59.044700000,60.312400000,480017,2880102,-1.1303274615124792
surround-10s.ogg.stx-avx2.1.csv,12,1.458300000,58.021700000,59.480000000,480017,2880102,-1.1303274615124792
surround-10s.ogg.stx-avx2.1.csv,13,1.634000000,58.251300000,59.885300000,480017,2880102,-1.1303274615124792
surround-10s.ogg.stx-avx2.1.csv,14,1.677400000,58.093300000,59.770700000,480017,2880102,-1.1303274615124792
surround-10s.ogg.stx-avx2.1.csv,15,1.491000000,57.908600000,59.399600000,480017,2880102,-1.1303274615124792
surround-10s.ogg.stx-avx2.1.csv,16,1.414800000,60.135300000,61.550100000,480017,2880102,-1.1303274615124792
surround-10s.ogg.stx-avx2.1.csv,17,1.462100000,58.174300000,59.636400000,480017,2880102,-1.1303274615124792
surround-10s.ogg.stx-avx2.1.csv,18,1.456100000,60.006000000,61.462100000,480017,2880102,-1.1303274615124792
surround-10s.ogg.stx-avx2.1.csv,19,1.438200000,58.339400000,59.777600000,480017,2880102,-1.1303274615124792
surround-10s.ogg.stx-avx2.1.csv,20,1.268400000,60.546000000,61.814400000,480017,2880102,-1.1303274615124792
surround-10s.ogg.stx-avx2.2.csv,0,1.431700000,59.866900000,61.298600000,480017,2880102,-1.1303274615124792
surround-10s.ogg.stx-avx2.2.csv,1,1.430400000,58.738300000,60.168700000,480017,2880102,-1.1303274615124792
surround-10s.ogg.stx-avx2.2.csv,2,1.451600000,57.651600000,59.103200000,480017,2880102,-1.1303274615124792
surround-10s.ogg.stx-avx2.2.csv,3,1.577100000,58.593100000,60.170200000,480017,2880102,-1.1303274615124792
surround-10s.ogg.stx-avx2.2.csv,4,1.465700000,58.679600000,60.145300000,480017,2880102,-1.1303274615124792
surround-10s.ogg.stx-avx2.2.csv,5,1.415100000,58.095400000,59.510500000,480017,2880102,-1.1303274615124792
surround-10s.ogg.stx-avx2.2.csv,6,1.272300000,58.668400000,59.940700000,480017,2880102,-1.1303274615124792
surround-10s.ogg.stx-avx2.2.csv,7,1.279900000,59.845200000,61.125100000,480017,2880102,-1.1303274615124792
surround-10s.ogg.stx-avx2.2.csv,8,1.290700000,60.143900000,61.434600000,480017,2880102,-1.1303274615124792
surround-10s.ogg.stx-avx2.2.csv,9,1.754400000,59.203600000,60.958000000,480017,2880102,-1.1303274615124792
surround-10s.ogg.stx-avx2.2.csv,10,1.311500000,59.330800000,60.642300000,480017,2880102,-1.1303274615124792
surround-10s.ogg.stx-avx2.2.csv,11,1.310200000,62.206000000,63.516200000,480017,2880102,-1.1303274615124792
surround-10s.ogg.stx-avx2.2.csv,12,1.570500000,66.468200000,68.038700000,480017,2880102,-1.1303274615124792
surround-10s.ogg.stx-avx2.2.csv,13,1.417600000,59.912300000,61.329900000,480017,2880102,-1.1303274615124792
surround-10s.ogg.stx-avx2.2.csv,14,1.428400000,59.924300000,61.352700000,480017,2880102,-1.1303274615124792
surround-10s.ogg.stx-avx2.2.csv,15,1.435500000,60.454300000,61.889800000,480017,2880102,-1.1303274615124792
surround-10s.ogg.stx-avx2.2.csv,16,1.438200000,59.132500000,60.570700000,480017,2880102,-1.1303274615124792
surround-10s.ogg.stx-avx2.2.csv,17,1.425800000,57.378500000,58.804300000,480017,2880102,-1.1303274615124792
surround-10s.ogg.stx-avx2.2.csv,18,1.436800000,58.096100000,59.532900000,480017,2880102,-1.1303274615124792
surround-10s.ogg.stx-avx2.2.csv,19,1.421800000,58.455500000,59.877300000,480017,2880102,-1.1303274615124792
surround-10s.ogg.stx-avx2.2.csv,20,1.270700000,59.287700000,60.558400000,480017,2880102,-1.1303274615124792
surround-10s.ogg.stx-scalar.0.csv,0,1.507900000,80.990300000,82.498200000,480017,2880102,-1.1303274615124792
surround-10s.ogg.stx-scalar.0.csv,1,1.492200000,78.251000000,79.743200000,480017,2880102,-1.1303274615124792
surround-10s.ogg.stx-scalar.0.csv,2,1.541800000,78.000400000,79.542200000,480017,2880102,-1.1303274615124792
surround-10s.ogg.stx-scalar.0.csv,3,1.418600000,79.592800000,81.011400000,480017,2880102,-1.1303274615124792
surround-10s.ogg.stx-scalar.0.csv,4,1.556000000,78.699400000,80.255400000,480017,2880102,-1.1303274615124792
surround-10s.ogg.stx-scalar.0.csv,5,1.405700000,80.358500000,81.764200000,480017,2880102,-1.1303274615124792
surround-10s.ogg.stx-scalar.0.csv,6,1.358500000,77.576700000,78.935200000,480017,2880102,-1.1303274615124792
surround-10s.ogg.stx-scalar.0.csv,7,1.350100000,78.814500000,80.164600000,480017,2880102,-1.1303274615124792
surround-10s.ogg.stx-scalar.0.csv,8,1.413700000,79.280900000,80.694600000,480017,2880102,-1.1303274615124792
surround-10s.ogg.stx-scalar.0.csv,9,1.296800000,81.404000000,82.700800000,480017,2880102,-1.1303274615124792
surround-10s.ogg.stx-scalar.0.csv,10,1.279000000,78.574100000,79.853100000,480017,2880102,-1.1303274615124792
surround-10s.ogg.stx-scalar.0.csv,11,1.317900000,79.013200000,80.331100000,480017,2880102,-1.1303274615124792
surround-10s.ogg.stx-scalar.0.csv,12,1.287100000,78.860500000,80.147600000,480017,2880102,-1.1303274615124792
surround-10s.ogg.stx-scalar.0.csv,13,1.281200000,79.364800000,80.646000000,480017,2880102,-1.1303274615124792
surround-10s.ogg.stx-scalar.0.csv,14,1.278600000,78.243700000,79.522300000,480017,2880102,-1.1303274615124792
surround-10s.ogg.stx-scalar.0.csv,15,1.300800000,78.323600000,79.624400000,480017,2880102,-1.1303274615124792
surround-10s.ogg.stx-scalar.0.csv,16,1.283500000,79.163000000,80.446500000,480017,2880102,-1.1303274615124792
surround-10s.ogg.stx-scalar.0.csv,17,1.442500000,79.602800000,81.045300000,480017,2880102,-1.1303274615124792
surround-10s.ogg.stx-scalar.0.csv,18,1.447100000,80.523100000,81.970200000,480017,2880102,-1.1303274615124792
surround-10s.ogg.stx-scalar.0.csv,19,1.338800000,80.393600000,81.732400000,480017,2880102,-1.1303274615124792
surround-10s.ogg.stx-scalar.0.csv,20,1.331400000,79.487900000,80.819300000,480017,2880102,-1.1303274615124792
surround-10s.ogg.stx-scalar.1.csv,0,1.627100000,80.372500000,81.999600000,480017,2880102,-1.1303274615124792
surround-10s.ogg.stx-scalar.1.csv,1,1.706300000,79.455000000,81.161300000,480017,2880102,-1.1303274615124792
surround-10s.ogg.stx-scalar.1.csv,2,1.442400000,77.783600000,79.226000000,480017,2880102,-1.1303274615124792
surround-10s.ogg.stx-scalar.1.csv,3,1.664900000,80.507400000,82.172300000,480017,2880102,-1.1303274615124792
surround-10s.ogg.stx-scalar.1.csv,4,1.429600000,79.331100000,80.760700000,480017,2880102,-1.1303274615124792
surround-10s.ogg.stx-scalar.1.csv,5,1.363600000,80.331700000,81.695300000,480017,2880102,-1.1303274615124792
surround-10s.ogg.stx-scalar.1.csv,6,1.343300000,79.218200000,80.561500000,480017,2880102,-1.1303274615124792
surround-10s.ogg.stx-scalar.1.csv,7,1.289200000,78.800200000,80.089400000,480017,2880102,-1.1303274615124792
surround-10s.ogg.stx-scalar.1.csv,8,1.287700000,79.690200000,80.977900000,480017,2880102,-1.1303274615124792
surround-10s.ogg.stx-scalar.1.csv,9,1.303200000,80.077700000,81.380900000,480017,2880102,-1.1303274615124792
surround-10s.ogg.stx-scalar.1.csv,10,1.298800000,80.281300000,81.580100000,480017,2880102,-1.1303274615124792
surround-10s.ogg.stx-scalar.1.csv,11,1.314400000,81.186300000,82.500700000,480017,2880102,-1.1303274615124792
surround-10s.ogg.stx-scalar.1.csv,12,1.433500000,78.978900000,80.412400000,480017,2880102,-1.1303274615124792
surround-10s.ogg.stx-scalar.1.csv,13,1.441900000,79.927600000,81.369500000,480017,2880102,-1.1303274615124792
surround-10s.ogg.stx-scalar.1.csv,14,1.439000000,82.695400000,84.134400000,480017,2880102,-1.1303274615124792
surround-10s.ogg.stx-scalar.1.csv,15,1.732700000,79.710100000,81.442800000,480017,2880102,-1.1303274615124792
surround-10s.ogg.stx-scalar.1.csv,16,1.450100000,80.219200000,81.669300000,480017,2880102,-1.1303274615124792
surround-10s.ogg.stx-scalar.1.csv,17,1.742500000,85.411700000,87.154200000,480017,2880102,-1.1303274615124792
surround-10s.ogg.stx-scalar.1.csv,18,1.443000000,82.019900000,83.462900000,480017,2880102,-1.1303274615124792
surround-10s.ogg.stx-scalar.1.csv,19,1.444800000,79.218600000,80.663400000,480017,2880102,-1.1303274615124792
surround-10s.ogg.stx-scalar.1.csv,20,1.286300000,80.674500000,81.960800000,480017,2880102,-1.1303274615124792
surround-10s.ogg.stx-scalar.2.csv,0,1.699100000,80.306700000,82.005800000,480017,2880102,-1.1303274615124792
surround-10s.ogg.stx-scalar.2.csv,1,1.452400000,81.413700000,82.866100000,480017,2880102,-1.1303274615124792
surround-10s.ogg.stx-scalar.2.csv,2,1.452800000,79.086300000,80.539100000,480017,2880102,-1.1303274615124792
surround-10s.ogg.stx-scalar.2.csv,3,1.478200000,80.791100000,82.269300000,480017,2880102,-1.1303274615124792
surround-10s.ogg.stx-scalar.2.csv,4,1.452900000,80.614600000,82.067500000,480017,2880102,-1.1303274615124792
surround-10s.ogg.stx-scalar.2.csv,5,1.290800000,79.553200000,80.844000000,480017,2880102,-1.1303274615124792
surround-10s.ogg.stx-scalar.2.csv,6,1.279500000,88.605000000,89.884500000,480017,2880102,-1.1303274615124792
surround-10s.ogg.stx-scalar.2.csv,7,1.343700000,88.248300000,89.592000000,480017,2880102,-1.1303274615124792
surround-10s.ogg.stx-scalar.2.csv,8,1.299900000,80.612000000,81.911900000,480017,2880102,-1.1303274615124792
surround-10s.ogg.stx-scalar.2.csv,9,1.288800000,80.800100000,82.088900000,480017,2880102,-1.1303274615124792
surround-10s.ogg.stx-scalar.2.csv,10,1.311900000,81.907600000,83.219500000,480017,2880102,-1.1303274615124792
surround-10s.ogg.stx-scalar.2.csv,11,1.280800000,80.806100000,82.086900000,480017,2880102,-1.1303274615124792
surround-10s.ogg.stx-scalar.2.csv,12,1.441900000,80.668800000,82.110700000,480017,2880102,-1.1303274615124792
surround-10s.ogg.stx-scalar.2.csv,13,1.670400000,83.841100000,85.511500000,480017,2880102,-1.1303274615124792
surround-10s.ogg.stx-scalar.2.csv,14,1.453700000,81.687400000,83.141100000,480017,2880102,-1.1303274615124792
surround-10s.ogg.stx-scalar.2.csv,15,1.428100000,81.083400000,82.511500000,480017,2880102,-1.1303274615124792
surround-10s.ogg.stx-scalar.2.csv,16,1.499000000,82.724200000,84.223200000,480017,2880102,-1.1303274615124792
surround-10s.ogg.stx-scalar.2.csv,17,1.509500000,78.513500000,80.023000000,480017,2880102,-1.1303274615124792
surround-10s.ogg.stx-scalar.2.csv,18,1.430800000,80.915100000,82.345900000,480017,2880102,-1.1303274615124792
surround-10s.ogg.stx-scalar.2.csv,19,1.703100000,79.455600000,81.158700000,480017,2880102,-1.1303274615124792
surround-10s.ogg.stx-scalar.2.csv,20,1.356900000,80.396100000,81.753000000,480017,2880102,-1.1303274615124792
surround-10s.ogg.stx-sse2.0.csv,0,1.446200000,62.992100000,64.438300000,480017,2880102,-1.1303274615124792
surround-10s.ogg.stx-sse2.0.csv,1,1.416400000,63.478200000,64.894600000,480017,2880102,-1.1303274615124792
surround-10s.ogg.stx-sse2.0.csv,2,1.421500000,64.232000000,65.653500000,480017,2880102,-1.1303274615124792
surround-10s.ogg.stx-sse2.0.csv,3,1.445500000,62.586000000,64.031500000,480017,2880102,-1.1303274615124792
surround-10s.ogg.stx-sse2.0.csv,4,1.268700000,63.672700000,64.941400000,480017,2880102,-1.1303274615124792
surround-10s.ogg.stx-sse2.0.csv,5,1.279500000,65.036000000,66.315500000,480017,2880102,-1.1303274615124792
surround-10s.ogg.stx-sse2.0.csv,6,1.301000000,64.406700000,65.707700000,480017,2880102,-1.1303274615124792
surround-10s.ogg.stx-sse2.0.csv,7,1.301800000,65.966000000,67.267800000,480017,2880102,-1.1303274615124792
surround-10s.ogg.stx-sse2.0.csv,8,1.270100000,66.868000000,68.138100000,480017,2880102,-1.1303274615124792
surround-10s.ogg.stx-sse2.0.csv,9,1.361100000,64.891000000,66.252100000,480017,2880102,-1.1303274615124792
surround-10s.ogg.stx-sse2.0.csv,10,1.433800000,64.029100000,65.462900000,480017,2880102,-1.1303274615124792
surround-10s.ogg.stx-sse2.0.csv,11,1.532800000,63.366600000,64.899400000,480017,2880102,-1.1303274615124792
surround-10s.ogg.stx-sse2.0.csv,12,1.542800000,63.558800000,65.101600000,480017,2880102,-1.1303274615124792
surround-10s.ogg.stx-sse2.0.csv,13,1.436200000,66.067900000,67.504100000,480017,2880102,-1.1303274615124792
surround-10s.ogg.stx-sse2.0.csv,14,1.429900000,64.965600000,66.395500000,480017,2880102,-1.1303274615124792
surround-10s.ogg.stx-sse2.0.csv,15,1.421400000,63.785800000,65.207200000,480017,2880102,-1.1303274615124792
surround-10s.ogg.stx-sse2.0.csv,16,1.428100000,65.016000000,66.444100000,480017,2880102,-1.1303274615124792
surround-10s.ogg.stx-sse2.0.csv,17,1.426600000,63.328200000,64.754800000,480017,2880102,-1.1303274615124792
surround-10s.ogg.stx-sse2.0.csv,18,1.429200000,66.737200000,68.166400000,480017,2880102,-1.1303274615124792
surround-10s.ogg.stx-sse2.0.csv,19,1.408800000,63.992200000,65.401000000,480017,2880102,-1.1303274615124792
surround-10s.ogg.stx-sse2.0.csv,20,1.343000000,64.589600000,65.932600000,480017,2880102,-1.1303274615124792
surround-10s.ogg.stx-sse2.1.csv,0,1.438400000,68.891200000,70.329600000,480017,2880102,-1.1303274615124792
surround-10s.ogg.stx-sse2.1.csv,1,1.445700000,64.910300000,66.356000000,480017,2880102,-1.1303274615124792
surround-10s.ogg.stx-sse2.1.csv,2,1.482000000,65.551400000,67.033400000,480017,2880102,-1.1303274615124792
surround-10s.ogg.stx-sse2.1.csv,3,1.572900000,64.340100000,65.913000000,480017,2880102,-1.1303274615124792
surround-10s.ogg.stx-sse2.1.csv,4,1.443700000,65.358700000,66.802400000,480017,2880102,-1.1303274615124792
surround-10s.ogg.stx-sse2.1.csv,5,1.494100000,63.353700000,64.847800000,480017,2880102,-1.1303274615124792
surround-10s.ogg.stx-sse2.1.csv,6,1.375800000,64.521900000,65.897700000,480017,2880102,-1.1303274615124792
surround-10s.ogg.stx-sse2.1.csv,7,1.318400000,64.007900000,65.326300000,480017,2880102,-1.1303274615124792
surround-10s.ogg.stx-sse2.1.csv,8,1.281000000,66.947900000,68.228900000,480017,2880102,-1.1303274615124792
surround-10s.ogg.stx-sse2.1.csv,9,1.291200000,64.346900000,65.638100000,480017,2880102,-1.1303274615124792
surround-10s.ogg.stx-sse2.1.csv,10,1.277100000,65.102800000,66.379900000,480017,2880102,-1.1303274615124792
surround-10s.ogg.stx-sse2.1.csv,11,1.270400000,64.808000000,66.078400000,480017,2880102,-1.1303274615124792
surround-10s.ogg.stx-sse2.1.csv,12,1.436900000,64.301100000,65.738000000,480017,2880102,-1.1303274615124792
surround-10s.ogg.stx-sse2.1.csv,13,1.437000000,63.091700000,64.528700000,480017,2880102,-1.1303274615124792
surround-10s.ogg.stx-sse2.1.csv,14,1.450100000,64.183500000,65.633600000,480017,2880102,-1.1303274615124792
surround-10s.ogg.stx-sse2.1.csv,15,1.422400000,64.090900000,65.513300000,480017,2880102,-1.1303274615124792
surround-10s.ogg.stx-sse2.1.csv,16,1.459700000,65.602500000,67.062200000,480017,2880102,-1.1303274615124792
surround-10s.ogg.stx-sse2.1.csv,17,1.415700000,64.933300000,66.349000000,480017,2880102,-1.1303274615124792
surround-10s.ogg.stx-sse2.1.csv,18,1.515000000,63.644700000,65.159700000,480017,2880102,-1.1303274615124792
surround-10s.ogg.stx-sse2.1.csv,19,1.541500000,63.973900000,65.515400000,480017,2880102,-1.1303274615124792
surround-10s.ogg.stx-sse2.1.csv,20,1.488800000,65.318000000,66.806800000,480017,2880102,-1.1303274615124792
surround-10s.ogg.stx-sse2.2.csv,0,1.438700000,63.011800000,64.450500000,480017,2880102,-1.1303274615124792
surround-10s.ogg.stx-sse2.2.csv,1,1.436800000,63.496300000,64.933100000,480017,2880102,-1.1303274615124792
surround-10s.ogg.stx-sse2.2.csv,2,1.439500000,62.406900000,63.846400000,480017,2880102,-1.1303274615124792
surround-10s.ogg.stx-sse2.2.csv,3,1.448300000,64.549400000,65.997700000,480017,2880102,-1.1303274615124792
surround-10s.ogg.stx-sse2.2.csv,4,1.270900000,63.943800000,65.214700000,480017,2880102,-1.1303274615124792
surround-10s.ogg.stx-sse2.2.csv,5,1.311900000,64.956600000,66.268500000,480017,2880102,-1.1303274615124792
surround-10s.ogg.stx-sse2.2.csv,6,1.340900000,65.820700000,67.161600000,480017,2880102,-1.1303274615124792
surround-10s.ogg.stx-sse2.2.csv,7,1.284000000,63.719800000,65.003800000,480017,2880102,-1.1303274615124792
surround-10s.ogg.stx-sse2.2.csv,8,1.378500000,64.074800000,65.453300000,480017,2880102,-1.1303274615124792
surround-10s.ogg.stx-sse2.2.csv,9,1.284800000,63.857600000,65.142400000,480017,2880102,-1.1303274615124792
surround-10s.ogg.stx-sse2.2.csv,10,1.270700000,67.393400000,68.664100000,480017,2880102,-1.1303274615124792
surround-10s.ogg.stx-sse2.2.csv,11,1.730100000,67.087100000,68.817200000,480017,2880102,-1.1303274615124792
surround-10s.ogg.stx-sse2.2.csv,12,1.434100000,68.554800000,69.988900000,480017,2880102,-1.1303274615124792
surround-10s.ogg.stx-sse2.2.csv,13,1.793400000,66.355700000,68.149100000,480017,2880102,-1.1303274615124792
surround-10s.ogg.stx-sse2.2.csv,14,1.411000000,63.580300000,64.991300000,480017,2880102,-1.1303274615124792
surround-10s.ogg.stx-sse2.2.csv,15,1.418300000,66.196900000,67.615200000,480017,2880102,-1.1303274615124792
surround-10s.ogg.stx-sse2.2.csv,16,1.487200000,65.132900000,66.620100000,480017,2880102,-1.1303274615124792
surround-10s.ogg.stx-sse2.2.csv,17,1.485700000,67.655300000,69.141000000,480017,2880102,-1.1303274615124792
surround-10s.ogg.stx-sse2.2.csv,18,1.399600000,65.015800000,66.415400000,480017,2880102,-1.1303274615124792
surround-10s.ogg.stx-sse2.2.csv,19,1.562800000,63.789500000,65.352300000,480017,2880102,-1.1303274615124792
surround-10s.ogg.stx-sse2.2.csv,20,1.261600000,64.626800000,65.888400000,480017,2880102,-1.1303274615124792
surround-10s.ogg.tremor.0.csv,0,1.370000000,54.954000000,56.324000000,480017,2880102,-0.638214111328125
surround-10s.ogg.tremor.0.csv,1,1.323100000,55.992200000,57.315300000,480017,2880102,-0.638214111328125
surround-10s.ogg.tremor.0.csv,2,1.431300000,57.755000000,59.186300000,480017,2880102,-0.638214111328125
surround-10s.ogg.tremor.0.csv,3,1.363100000,56.330200000,57.693300000,480017,2880102,-0.638214111328125
surround-10s.ogg.tremor.0.csv,4,1.364600000,54.941400000,56.306000000,480017,2880102,-0.638214111328125
surround-10s.ogg.tremor.0.csv,5,1.367700000,55.661800000,57.029500000,480017,2880102,-0.638214111328125
surround-10s.ogg.tremor.0.csv,6,1.302400000,55.131800000,56.434200000,480017,2880102,-0.638214111328125
surround-10s.ogg.tremor.0.csv,7,1.452800000,55.425700000,56.878500000,480017,2880102,-0.638214111328125
surround-10s.ogg.tremor.0.csv,8,1.521500000,56.073900000,57.595400000,480017,2880102,-0.638214111328125
surround-10s.ogg.tremor.0.csv,9,1.350600000,55.058700000,56.409300000,480017,2880102,-0.638214111328125
surround-10s.ogg.tremor.0.csv,10,1.334100000,54.835700000,56.169800000,480017,2880102,-0.638214111328125
surround-10s.ogg.tremor.0.csv,11,1.351700000,55.006100000,56.357800000,480017,2880102,-0.638214111328125
surround-10s.ogg.tremor.0.csv,12,1.322700000,55.406300000,56.729000000,480017,2880102,-0.638214111328125
surround-10s.ogg.tremor.0.csv,13,1.328300000,56.090800000,57.419100000,480017,2880102,-0.638214111328125
surround-10s.ogg.tremor.0.csv,14,1.361700000,55.736000000,57.097700000,480017,2880102,-0.638214111328125
surround-10s.ogg.tremor.0.csv,15,1.353000000,55.134000000,56.487000000,480017,2880102,-0.638214111328125
surround-10s.ogg.tremor.0.csv,16,1.384400000,55.449200000,56.833600000,480017,2880102,-0.638214111328125
surround-10s.ogg.tremor.0.csv,17,1.361700000,56.332000000,57.693700000,480017,2880102,-0.638214111328125
surround-10s.ogg.tremor.0.csv,18,1.334300000,55.909000000,57.243300000,480017,2880102,-0.638214111328125
surround-10s.ogg.tremor.0.csv,19,1.351800000,55.518200000,56.870000000,480017,2880102,-0.638214111328125
surround-10s.ogg.tremor.0.csv,20,1.358000000,55.431600000,56.789600000,480017,2880102,-0.638214111328125
surround-10s.ogg.tremor.1.csv,0,1.400400000,55.324300000,56.724700000,480017,2880102,-0.638214111328125
surround-10s.ogg.tremor.1.csv,1,1.373100000,55.873700000,57.246800000,480017,2880102,-0.638214111328125
surround-10s.ogg.tremor.1.csv,2,1.367400000,54.998700000,56.366100000,480017,2880102,-0.638214111328125
surround-10s.ogg.tremor.1.csv,3,1.357100000,56.169300000,57.526400000,480017,2880102,-0.638214111328125
surround-10s.ogg.tremor.1.csv,4,1.353600000,54.829800000,56.183400000,480017,2880102,-0.638214111328125
surround-10s.ogg.tremor.1.csv,5,1.348900000,55.224800000,56.573700000,480017,2880102,-0.638214111328125
surround-10s.ogg.tremor.1.csv,6,1.347900000,55.129600000,56.477500000,480017,2880102,-0.638214111328125
surround-10s.ogg.tremor.1.csv,7,1.346300000,55.344400000,56.690700000,480017,2880102,-0.638214111328125
surround-10s.ogg.tremor.1.csv,8,1.335500000,55.476500000,56.812000000,480017,2880102,-0.638214111328125
surround-10s.ogg.tremor.1.csv,9,1.355000000,55.674400000,57.029400000,480017,2880102,-0.638214111328125
surround-10s.ogg.tremor.1.csv,10,1.343000000,56.405300000,57.748300000,480017,2880102,-0.638214111328125
surround-10s.ogg.tremor.1.csv,11,1.494800000,56.089400000,57.584200000,480017,2880102,-0.638214111328125
surround-10s.ogg.tremor.1.csv,12,1.396700000,56.620600000,58.017300000,480017,2880102,-0.638214111328125
surround-10s.ogg.tremor.1.csv,13,1.392300000,55.792800000,57.185100000,480017,2880102,-0.638214111328125
surround-10s.ogg.tremor.1.csv,14,1.365200000,55.143100000,56.508300000,480017,2880102,-0.638214111328125
surround-10s.ogg.tremor.1.csv,15,1.408100000,56.045300000,57.453400000,480017,2880102,-0.638214111328125
surround-10s.ogg.tremor.1.csv,16,1.343300000,54.516100000,55.859400000,480017,2880102,-0.638214111328125
surround-10s.ogg.tremor.1.csv,17,1.407200000,55.609900000,57.017100000,480017,2880102,-0.638214111328125
surround-10s.ogg.tremor.1.csv,18,1.351500000,54.713800000,56.065300000,480017,2880102,-0.638214111328125
surround-10s.ogg.tremor.1.csv,19,1.349600000,55.327100000,56.676700000,480017,2880102,-0.638214111328125
surround-10s.ogg.tremor.1.csv,20,1.361100000,55.576500000,56.937600000,480017,2880102,-0.638214111328125
surround-10s.ogg.tremor.2.csv,0,1.423500000,56.049100000,57.472600000,480017,2880102,-0.638214111328125
surround-10s.ogg.tremor.2.csv,1,1.352800000,55.268900000,56.621700000,480017,2880102,-0.638214111328125
surround-10s.ogg.tremor.2.csv,2,1.361600000,55.123300000,56.484900000,480017,2880102,-0.638214111328125
surround-10s.ogg.tremor.2.csv,3,1.392700000,55.989500000,57.382200000,480017,2880102,-0.638214111328125
surround-10s.ogg.tremor.2.csv,4,1.364300000,57.077600000,58.441900000,480017,2880102,-0.638214111328125
surround-10s.ogg.tremor.2.csv,5,1.342100000,56.735900000,58.078000000,480017,2880102,-0.638214111328125
surround-10s.ogg.tremor.2.csv,6,1.373600000,55.045400000,56.419000000,480017,2880102,-0.638214111328125
surround-10s.ogg.tremor.2.csv,7,1.354800000,56.263100000,57.617900000,480017,2880102,-0.638214111328125
surround-10s.ogg.tremor.2.csv,8,1.354700000,55.748200000,57.102900000,480017,2880102,-0.638214111328125
surround-10s.ogg.tremor.2.csv,9,1.361500000,54.737500000,56.099000000,480017,2880102,-0.638214111328125
surround-10s.ogg.tremor.2.csv,10,1.334900000,55.392000000,56.726900000,480017,2880102,-0.638214111328125
surround-10s.ogg.tremor.2.csv,11,1.363700000,55.095600000,56.459300000,480017,2880102,-0.638214111328125
surround-10s.ogg.tremor.2.csv,12,1.331700000,56.092700000,57.424400000,480017,2880102,-0.638214111328125
surround-10s.ogg.tremor.2.csv,13,1.363000000,55.170500000,56.533500000,480017,2880102,-0.638214111328125
surround-10s.ogg.tremor.2.csv,14,1.323000000,55.502800000,56.825800000,480017,2880102,-0.638214111328125
surround-10s.ogg.tremor.2.csv,15,1.335700000,56.940100000,58.275800000,480017,2880102,-0.638214111328125
surround-10s.ogg.tremor.2.csv,16,1.351000000,55.940800000,57.291800000,480017,2880102,-0.638214111328125
surround-10s.ogg.tremor.2.csv,17,1.348100000,56.425300000,57.773400000,480017,2880102,-0.638214111328125
surround-10s.ogg.tremor.2.csv,18,1.324500000,56.132900000,57.457400000,480017,2880102,-0.638214111328125
surround-10s.ogg.tremor.2.csv,19,1.333100000,55.304100000,56.637200000,480017,2880102,-0.638214111328125
surround-10s.ogg.tremor.2.csv,20,1.329500000,55.422800000,56.752300000,480017,2880102,-0.638214111328125
