component_bytes,48
kind,trial,iterations,total_ns,ns_per_emit,callbacks
caller_owned_delegate,0,1000000,8323333,8.32333,1000000
owner_held_member,0,1000000,7370417,7.37042,1000000
caller_owned_delegate,1,1000000,8338708,8.33871,1000000
owner_held_member,1,1000000,7362792,7.36279,1000000
caller_owned_delegate,2,1000000,8344875,8.34488,1000000
owner_held_member,2,1000000,7386167,7.38617,1000000
caller_owned_delegate,3,1000000,8347625,8.34763,1000000
owner_held_member,3,1000000,7387459,7.38746,1000000
caller_owned_delegate,4,1000000,8337792,8.33779,1000000
owner_held_member,4,1000000,7380292,7.38029,1000000
caller_owned_delegate,5,1000000,8361000,8.361,1000000
owner_held_member,5,1000000,7374292,7.37429,1000000
caller_owned_delegate,6,1000000,8365250,8.36525,1000000
owner_held_member,6,1000000,7408125,7.40813,1000000
