iteration,first_pcm_ms,remaining_ms,total_ms,frames,samples,probe
0,1.429500000,75.219700000,76.649200000,480017,2880102,-1.1303274615124792
1,1.458800000,72.388900000,73.847700000,480017,2880102,-1.1303274615124792
2,1.529200000,70.959400000,72.488600000,480017,2880102,-1.1303274615124792
3,1.922300000,71.894500000,73.816800000,480017,2880102,-1.1303274615124792
4,1.461400000,73.967200000,75.428600000,480017,2880102,-1.1303274615124792
5,1.448200000,74.427300000,75.875500000,480017,2880102,-1.1303274615124792
6,1.428900000,77.772600000,79.201500000,480017,2880102,-1.1303274615124792
7,1.416100000,72.603300000,74.019400000,480017,2880102,-1.1303274615124792
8,1.423400000,74.150900000,75.574300000,480017,2880102,-1.1303274615124792
9,1.456300000,73.488700000,74.945000000,480017,2880102,-1.1303274615124792
10,1.435100000,73.425700000,74.860800000,480017,2880102,-1.1303274615124792
11,1.428800000,72.110200000,73.539000000,480017,2880102,-1.1303274615124792
12,1.467200000,74.510400000,75.977600000,480017,2880102,-1.1303274615124792
13,1.629300000,76.166500000,77.795800000,480017,2880102,-1.1303274615124792
14,1.442400000,73.006600000,74.449000000,480017,2880102,-1.1303274615124792
15,1.395300000,72.314800000,73.710100000,480017,2880102,-1.1303274615124792
16,1.578500000,70.797400000,72.375900000,480017,2880102,-1.1303274615124792
17,1.622900000,71.047600000,72.670500000,480017,2880102,-1.1303274615124792
18,1.306700000,73.219700000,74.526400000,480017,2880102,-1.1303274615124792
19,1.459200000,74.703500000,76.162700000,480017,2880102,-1.1303274615124792
20,1.398000000,75.129700000,76.527700000,480017,2880102,-1.1303274615124792
