operation,map_spans,samples,p50_ns,p95_ns,p99_ns,worst_ns
request_warm,64,101,0,100,100,100
publish_replace_warm,64,101,1000,1000,1300,1500
map_binary_warm,64,1001,0,100,100,100
map_linear_reference_warm,64,1001,100,100,100,100
metadata,64,first_publish_ns=9100,display_capacity=576,mapping_bytes=2048,checksum=64220,model_size=320,three_payload_bytes=7872,two_source_bytes=128,metadata_bytes=672,accounted_bytes=8672
request_warm,4096,101,100,100,200,200
publish_replace_warm,4096,101,59300,63400,80900,118000
map_binary_warm,4096,1001,100,200,200,200
map_linear_reference_warm,4096,1001,1400,2700,2900,21500
metadata,4096,first_publish_ns=49400,display_capacity=36864,mapping_bytes=131072,checksum=4107624,model_size=320,three_payload_bytes=503808,two_source_bytes=8192,metadata_bytes=672,accounted_bytes=512672
request_warm,65536,101,100,300,300,400
publish_replace_warm,65536,101,792300,1.3517e+06,2.4499e+06,3.9451e+06
map_binary_warm,65536,1001,200,400,500,15600
map_linear_reference_warm,65536,1001,20600,40000,58400,189900
metadata,65536,first_publish_ns=942100,display_capacity=589824,mapping_bytes=2097152,checksum=65755850,model_size=320,three_payload_bytes=8060928,two_source_bytes=131072,metadata_bytes=672,accounted_bytes=8192672
