"Path","Hash"
"C:\Users\Shadow\file_manager\gui_forms\include\gui_forms\prepared_text\types\prepared_text_types.hpp","79DC52F3053E382A12DCBF91AC9546BAE941F5AD345165287396D1ED11162C87"
"C:\Users\Shadow\file_manager\gui_forms\include\gui_forms\types\painter\painter.hpp","478DDF899EB7A79EED6CD5C799BA5D0B8203C040D641333AD7180A6F8BD3DD5C"
"C:\Users\Shadow\file_manager\gui_forms\src\core\text\prepared\prepared_storage.hpp","CCE3E793E2E4F6035F01B3CBE717DB7453CF2F167BB48BA28B9920664B9FD19E"
"C:\Users\Shadow\file_manager\gui_forms\src\core\text\prepared\prepared_storage.cpp","9AA404C16B0CBE414BBCAB720895626B6E2CE1F88F95EE2111EA4037CEB4237D"
"C:\Users\Shadow\file_manager\gui_forms\src\core\text\shaping\shaped_text_geometry.hpp","94722AAD2624A852A30B6227D2501A7955047CE86935A83EC1F91FEB58DF7C45"
"C:\Users\Shadow\file_manager\gui_forms\src\core\types\painter\painter.cpp","C794140DAF218B15882A3CE6E06108C378F5C6FF8FEF852730F4CF10CAC5ABA0"
"C:\Users\Shadow\file_manager\gui_forms\src\core\display\command\display_command.hpp","DD11E5CBAE8C04396FCCFA9A94DC1D3046103CCD75D77BC19351D3429B40CD4A"
"C:\Users\Shadow\file_manager\gui_forms\src\core\display\recording_painter\recording_painter.hpp","73B8B85A0BFD0A53D63955E304C5CE6A211F7CC448EC74AF903180CD07E0582C"
"C:\Users\Shadow\file_manager\gui_forms\src\core\display\recording_painter\recording_painter.cpp","4A107851548CF1F09404FEC03AB3887CE0C4172125A69B8A8EC6170F996B25FD"
"C:\Users\Shadow\file_manager\gui_forms\src\core\display\replay\replay_display_chunk.cpp","29D3FF3992470D647629E4B851E0C396C6F5F8DCF7BA26B04EDB225DF069E7EF"
"C:\Users\Shadow\file_manager\gui_forms\src\host\windows\application\windows_host.cpp","ED14394A2FEC83790BCB460E73FEC305C0CF1197E6361858BF3B55EFCB49A572"
"C:\Users\Shadow\file_manager\gui_forms\src\host\windows\application\windows_prepared_text_fixture.inc","570F8EA6B1890C153964315B498F8F745806D78DC41DE6826B87888CE351F51F"
"C:\Users\Shadow\file_manager\gui_forms\src\host\windows\raster\prepared_text_compositor.hpp","0298F3188FB9D8B3C32D3004154B3EE426F7D7F35FBD485537BE872A462659FF"
"C:\Users\Shadow\file_manager\gui_forms\src\host\windows\raster\prepared_text_compositor.cpp","4BE0EC47F954F3E1F0BCAD320EC0DCB2BA1995843F026B71EA0004A80AB55470"
"C:\Users\Shadow\file_manager\gui_forms\src\render\text\harfbuzz\harfbuzz_font_engine.hpp","FFBF444EB4089C3122015490C7BF2BFD5D2026C8C3AC0086E96EE4625D311308"
"C:\Users\Shadow\file_manager\gui_forms\src\render\text\prepared_service.cpp","EC473805B419A1277C92FA8277D4A3FB8D0085627A17EC5F44987AB3C4B45252"
"C:\Users\Shadow\file_manager\gui_forms\src\render\text\prepared_raster.cpp","DC4B19EB5734F46694CFF2F755FCAD8694CEEF9A4CF0394AE76E7442513D6C95"
"C:\Users\Shadow\file_manager\gui_forms\tests\prepared_text_service_tests.cpp","DA196A197D286DAC983D79CB6865D7F3E16F1FEEB88E228F5E4B97E140D16FF5"
"C:\Users\Shadow\file_manager\gui_forms\tests\prepared_text_test_support.hpp","575201A1161F3052877D689C0BCBCC6B3BC18254F803B0A7B5FCFA55F3DA599C"
"C:\Users\Shadow\file_manager\gui_forms\tests\prepared_display_tests.cpp","679367784E007E2DE21BC8664D1A70280DE0257E679F6D01445E61AD60590EFD"
"C:\Users\Shadow\file_manager\gui_forms\tests\windows_prepared_text_tests.cpp","B584DEF1827180229C4614A60345137CB477EC26C96504EE616CF61F7A71ECA1"
