image_base,0x7ff757d10000
failures,0
child_exit,0
ip
0x7ff757d14d88
0x7ff757d14914
0x7ff757d148c4
0x7ff757d201c9
0x7ff757d1fa7a
0x7ff757d25304
0x7ff757d14f06
0x7ff757d1fc84
0x7ff757d1fc6c
0x7ff757d201ed
0x7ff757d1a44e
0x7ff757d1f69d
0x7ff757d20b50
0x7ff757d14878
0x7ff757d1f6ce
0x7ff757d1ea30
0x7ff757d1eaa1
0x7ff757d1f6d8
0x7ff757d1f21f
0x7ff757d20cd8
0x7ff757d148c4
0x7ff757d148b0
0x7ff757d201c9
0x7ff757d148a6
0x7ff757d14b08
0x7ff757d148cb
0x7ff757d1f6d8
0x7ff757d201ed
0x7ff757d20cd8
0x7ff757d1495b
0x7ff757d201ed
0x7ff8bde90ea9
0x7ff757d1487c
0x7ff757d1fa94
0x7ff757d148b0
0x7ff757d201ed
0x7ff757d1fc84
0x7ff757d1f6d2
0x7ff757d14b08
0x7ff757d14880
0x7ff757d148ba
0x7ff757d1f6c5
0x7ff757d1f3f3
0x7ff8bde90ea9
0x7ff757d1fa7a
0x7ff757d148b0
0x7ff757d148a6
0x7ff757d201fa
0x7ff757d147ba
0x7ff757d20d0e
0x7ff757d1f6e1
0x7ff757d148a6
0x7ff757d20d0e
0x7ff757d1fa34
0x7ff757d20d0e
0x7ff757d20d2b
0x7ff757d20d0e
0x7ff757d20c24
0x7ff757d14914
0x7ff757d14880
0x7ff757d201ed
0x7ff757d1fa52
0x7ff757d201bf
0x7ff757d1f6d8
0x7ff757d14866
0x7ff757d14878
0x7ff757d20d0e
0x7ff757d14b08
0x7ff757d1e8b0
0x7ff757d1487c
0x7ff757d1fa7a
0x7ff757d1ea9a
0x7ff8bde90ea9
0x7ff8bde90ec3
0x7ff757d20cd5
0x7ff757d20ae8
0x7ff757d1f6d8
0x7ff757d1fa70
0x7ff757d1496e
0x7ff757d256ec
0x7ff757d14816
0x7ff757d14914
0x7ff757d1eaa1
0x7ff757d1e219
0x7ff757d1fa68
0x7ff757d1fc84
0x7ff757d148a0
0x7ff757d1e899
0x7ff757d20d0e
0x7ff757d20212
0x7ff757d20d0e
0x7ff757d1fa70
0x7ff8bde90ea9
0x7ff757d14890
0x7ff757d14888
0x7ff757d1fa70
0x7ff757d148cb
0x7ff757d1fa5c
0x7ff757d1a44e
0x7ff757d1f6b4
0x7ff757d222ff
0x7ff757d1fa3e
0x7ff757d20cd8
0x7ff757d14f3d
0x7ff757d1eaa1
0x7ff757d14b08
0x7ff757d201e0
0x7ff757d1ea90
0x7ff757d1e33a
0x7ff757d201d0
0x7ff757d14b21
0x7ff757d1e8a2
0x7ff757d148a0
0x7ff8bde90ea9
0x7ff757d1f6e6
0x7ff757d1f400
0x7ff757d14af6
0x7ff757d148ba
0x7ff757d20d0e
0x7ff757d20d0e
0x7ff757d1487c
0x7ff757d20d2b
0x7ff757d21df3
0x7ff757d14888
0x7ff757d20d0e
0x7ff757d201ed
0x7ff757d1eaa1
0x7ff757d20d64
0x7ff757d148b0
0x7ff8bde90ea9
0x7ff757d1fa98
0x7ff757d1480b
0x7ff757d14978
0x7ff757d1480b
0x7ff757d14af6
0x7ff757d14f1d
0x7ff757d1f6d2
0x7ff757d20212
0x7ff757d14878
0x7ff757d201ed
0x7ff757d14878
0x7ff757d1f6d8
0x7ff757d1f6e1
0x7ff757d148ba
0x7ff757d148c4
0x7ff757d1eaa1
0x7ff757d1fa64
0x7ff757d256cf
0x7ff757d148ba
0x7ff757d14b35
0x7ff757d1f6d8
0x7ff757d201fa
0x7ff757d1f6d8
0x7ff757d148ba
0x7ff757d1fa68
0x7ff757d148a6
0x7ff757d1a44e
0x7ff757d1fa64
0x7ff757d1f403
0x7ff757d20b50
0x7ff757d20d0e
0x7ff757d20d0e
0x7ff757d1e858
0x7ff757d1487c
0x7ff757d1fc84
0x7ff757d1480b
0x7ff757d1fa62
0x7ff757d20cd5
0x7ff757d20cd7
0x7ff757d1eaa1
0x7ff757d1491e
0x7ff757d2529e
0x7ff757d14b1b
0x7ff757d1fa90
0x7ff757d1fa70
0x7ff757d201e0
0x7ff757d148b0
0x7ff757d22315
0x7ff8bde90ea9
0x7ff757d1e8a2
0x7ff757d20ce5
0x7ff757d14938
0x7ff757d14866
0x7ff757d1fc84
0x7ff757d2021f
0x7ff757d1f6c5
0x7ff757d20d0e
0x7ff757d14b21
0x7ff757d14b2f
0x7ff757d2524f
0x7ff757d1a44e
0x7ff757d1489c
0x7ff757d1487c
0x7ff757d1fa62
0x7ff757d147f0
0x7ff757d148ba
0x7ff757d22326
0x7ff757d201db
0x7ff757d14b35
0x7ff757d201bf
0x7ff757d1a44e
0x7ff757d20d73
0x7ff757d2021c
0x7ff757d148c4
0x7ff757d148b0
0x7ff757d1eaa1
0x7ff757d1f6e1
0x7ff757d14800
0x7ff757d201ed
0x7ff757d14af6
0x7ff757d20d0e
0x7ff757d14816
0x7ff757d1f3e6
0x7ff757d1f6e1
0x7ff757d1f2bd
0x7ff757d1eaa1
0x7ff8bde90ea9
0x7ff757d148ba
0x7ff757d1f6d8
0x7ff757d1f6e1
0x7ff757d14890
0x7ff757d1489c
0x7ff757d1f6ce
0x7ff757d1f6e1
0x7ff757d14b21
0x7ff757d1fe94
0x7ff757d14938
0x7ff757d20cd2
0x7ff8bde90ea9
0x7ff757d14b35
0x7ff757d1fa70
0x7ff757d148ba
0x7ff757d1f3a1
0x7ff757d20212
0x7ff757d1ea90
0x7ff757d1e8ae
0x7ff757d14bad
0x7ff8bde91416
0x7ff757d201d0
0x7ff757d20276
0x7ff757d1f400
0x7ff757d201ed
0x7ff757d14af6
0x7ff757d1eaa1
0x7ff757d14b1b
0x7ff757d1ea58
0x7ff757d14866
0x7ff8bde90ea9
0x7ff757d1f6e1
0x7ff757d14853
0x7ff757d1fa70
0x7ff757d20ac4
0x7ff757d1fa62
0x7ff757d1496e
0x7ff757d1480b
0x7ff8bde90ea9
0x7ff757d14b35
0x7ff757d201e0
0x7ff757d1e3a0
0x7ff757d201c9
0x7ff757d14872
0x7ff757d1495b
0x7ff757d14af6
0x7ff757d14f28
0x7ff757d1f6d8
0x7ff757d1fa74
0x7ff757d20ae8
0x7ff757d1ea90
0x7ff757d1fa5e
0x7ff757d148a0
0x7ff757d148b0
0x7ff757d147f0
0x7ff757d1fa5e
0x7ff757d14866
0x7ff757d1eaa1
0x7ff757d1ea87
0x7ff757d20d68
0x7ff757d1eaa1
0x7ff757d147ec
0x7ff757d201f7
0x7ff757d148c4
0x7ff757d20d88
0x7ff757d14db3
0x7ff757d1f490
0x7ff757d1487c
0x7ff757d14800
0x7ff757d1eaa1
0x7ff757d1f6d8
0x7ff8c088d6a7
0x7ff757d147cb
0x7ff757d14bad
0x7ff757d148ba
0x7ff757d14b08
0x7ff757d14910
0x7ff757d148c4
0x7ff757d201ed
0x7ff757d1fc84
0x7ff8bde90ea9
0x7ff757d1ea9a
0x7ff757d148aa
0x7ff757d14b21
0x7ff757d14f0c
0x7ff757d1eac2
0x7ff757d1f07d
0x7ff757d1fa68
0x7ff757d20d8a
0x7ff757d1f6e1
0x7ff757d14866
0x7ff757d14a8c
0x7ff757d148c4
0x7ff757d1fa62
0x7ff757d14944
0x7ff757d1f6e1
0x7ff757d148c4
0x7ff757d20026
0x7ff757d201ed
0x7ff757d14f3d
0x7ff757d14816
0x7ff8bde90ea9
0x7ff757d14af0
0x7ff757d1f6ce
0x7ff757d20153
0x7ff757d1ea9a
0x7ff757d1570c
0x7ff757d14b08
0x7ff757d1aeae
0x7ff757d14b0d
0x7ff757d14866
0x7ff757d253fc
0x7ff757d147f0
0x7ff757d14f3d
0x7ff757d11fa2
0x7ff757d1fe98
0x7ff757d1496e
0x7ff757d1f4c2
0x7ff8bde90ea9
0x7ff757d1f6e6
0x7ff8bde90ea9
0x7ff757d1a44e
0x7ff757d1fe9e
0x7ff757d148b0
0x7ff757d25291
0x7ff757d20d89
0x7ff757d1a455
0x7ff757d14db9
0x7ff8bde90ea9
0x7ff757d148a6
0x7ff757d1f6c5
0x7ff757d1f6c5
0x7ff757d1fc84
0x7ff757d14db9
0x7ff757d20d0e
0x7ff8bde90ea9
0x7ff757d20cd6
0x7ff757d25240
0x7ff757d148a0
0x7ff757d1480b
0x7ff757d25268
0x7ff757d1e7f7
0x7ff757d1f3f3
0x7ff757d20276
0x7ff757d1e890
0x7ff757d1fa74
0x7ff757d1fc84
0x7ff757d1f342
0x7ff757d1fa7a
0x7ff757d1fa52
0x7ff757d1fa62
0x7ff757d1fa90
0x7ff757d1fa74
0x7ff8bde90ea9
0x7ff757d147e8
0x7ff757d1fc84
0x7ff8bde90ea9
0x7ff757d1494d
0x7ff757d14af6
0x7ff757d1493c
0x7ff757d201ed
0x7ff757d25242
0x7ff757d1ea9a
0x7ff757d1fc84
0x7ff757d1fc84
0x7ff757d1f6e1
0x7ff757d1ea87
0x7ff757d201c9
0x7ff757d1fa74
0x7ff757d20d0e
0x7ff757d1fc84
0x7ff757d21a3e
0x7ff757d20d16
0x7ff757d1f6e1
0x7ff757d14880
0x7ff757d1e8a2
0x7ff757d1f6c5
0x7ff757d14956
0x7ff757d14d6d
0x7ff757d20212
0x7ff757d1493c
0x7ff8bde911eb
0x7ff757d1fa7a
0x7ff757d14f19
0x7ff757d14af6
0x7ff757d1486c
0x7ff757d1faa0
0x7ff757d201fa
0x7ff757d14b21
0x7ff757d20d0e
0x7ff757d148c4
0x7ff757d148c4
0x7ff757d1eabf
0x7ff757d1f6e1
0x7ff8bde90ea9
0x7ff757d20d77
0x7ff757d1487c
0x7ff757d1fa62
0x7ff757d201fa
0x7ff757d201c9
0x7ff757d1f367
0x7ff757d1496e
0x7ff757d1a44e
0x7ff757d11fa2
0x7ff757d1f3f3
0x7ff757d14b35
0x7ff757d14944
0x7ff757d20ce2
0x7ff757d20cd7
0x7ff757d14878
0x7ff757d1a473
0x7ff757d1ea0c
0x7ff757d14ae4
0x7ff757d20d08
0x7ff757d1e8a2
0x7ff757d20d0e
0x7ff757d148c4
0x7ff757d1df0b
0x7ff8bde90ea9
0x7ff757d1f6dc
0x7ff757d1eaa1
0x7ff757d1eaa1
0x7ff757d1480b
0x7ff757d1f3f7
0x7ff757d1f6e6
0x7ff8bde90ea9
0x7ff757d14948
0x7ff757d1fc84
0x7ff757d25268
0x7ff757d1489c
0x7ff757d1fa74
0x7ff757d20d0e
0x7ff757d1a44e
0x7ff757d1fc84
0x7ff757d1eaa1
0x7ff757d20d77
0x7ff757d1eaa1
0x7ff757d148ba
0x7ff757d14da8
0x7ff757d1f400
0x7ff757d14b02
0x7ff757d20d0e
0x7ff757d1eabb
0x7ff757d1e387
0x7ff757d25260
0x7ff757d148b0
0x7ff757d14b21
0x7ff757d201d3
0x7ff757d201c9
0x7ff757d147fa
0x7ff757d14af0
0x7ff757d147f0
0x7ff8bde90ea9
0x7ff757d14f2c
0x7ff757d1f6ce
0x7ff757d1f400
0x7ff757d148ba
0x7ff757d14872
0x7ff757d1fc84
0x7ff757d1fa5c
0x7ff757d25241
0x7ff757d1fa62
0x7ff757d20cd6
0x7ff757d14afc
0x7ff757d1fa64
0x7ff757d1eaa1
0x7ff757d148ba
0x7ff757d20d89
0x7ff757d1f6d8
0x7ff757d20d0e
0x7ff757d1fa5e
0x7ff757d201fa
0x7ff757d1fa5e
0x7ff757d148ba
0x7ff757d14b89
0x7ff757d1e306
0x7ff757d14b02
0x7ff757d1f6e1
0x7ff757d2099e
0x7ff8bde90ea9
0x7ff757d14b08
0x7ff757d1f33c
0x7ff757d25242
0x7ff757d20ce5
0x7ff757d20d0e
0x7ff757d148c4
0x7ff757d14878
0x7ff757d1f400
0x7ff757d20ced
0x7ff757d1e8a2
0x7ff757d1480b
0x7ff757d14f30
0x7ff8bde90ea9
0x7ff757d20cd6
0x7ff757d1fa62
0x7ff757d147f6
0x7ff8bde90ea9
0x7ff757d1480b
0x7ff8bde90ea9
0x7ff757d14884
0x7ff757d1fa70
0x7ff757d1f45b
0x7ff757d14ef7
0x7ff757d201ed
0x7ff757d20d0e
0x7ff757d20212
0x7ff8bde90eab
0x7ff757d20212
0x7ff757d14878
0x7ff757d1f394
0x7ff757d1489c
0x7ff757d1fa62
0x7ff757d1f3f7
0x7ff757d14978
0x7ff757d1f69d
0x7ff757d20d77
0x7ff757d20d0e
0x7ff757d14880
0x7ff757d147e8
0x7ff8bde91467
0x7ff757d1ea9a
0x7ff757d1f6e1
0x7ff757d1489c
0x7ff757d1fa74
0x7ff757d1fa34
0x7ff757d20d77
0x7ff8bde90ea9
0x7ff757d14b21
0x7ff757d1fa74
0x7ff757d201ed
0x7ff757d14f02
0x7ff757d14b02
0x7ff757d1f2cf
0x7ff757d1f399
0x7ff757d1fa62
0x7ff757d1fc84
0x7ff757d20cd5
0x7ff757d1f403
0x7ff757d1e182
0x7ff757d1eaa1
0x7ff757d1fa70
0x7ff757d1e8a2
0x7ff757d1480b
0x7ff757d1f6e1
0x7ff757d1ea9a
0x7ff757d22326
0x7ff757d1f6d8
0x7ff757d14816
0x7ff757d147cb
0x7ff757d1f6ce
0x7ff757d148c4
0x7ff757d1fc6c
0x7ff757d20d64
0x7ff757d14f21
0x7ff757d1eabf
0x7ff757d14efb
0x7ff757d14ae4
0x7ff757d20d0e
0x7ff757d148c4
0x7ff757d147cb
0x7ff757d1a44e
0x7ff757d1fc84
0x7ff757d1fa62
0x7ff757d1f3f3
0x7ff757d148c4
0x7ff757d14880
0x7ff757d1fc84
0x7ff757d201ed
0x7ff757d148a6
0x7ff757d1fc77
0x7ff757d25294
0x7ff757d20d0e
0x7ff757d20d08
0x7ff757d148b0
0x7ff757d14b08
0x7ff757d14b21
0x7ff757d148a6
0x7ff757d1ea62
0x7ff757d1fa62
0x7ff757d1e8c4
0x7ff757d14da8
0x7ff757d14b21
0x7ff757d201fa
0x7ff757d1eaa1
0x7ff757d1a44e
0x7ff757d1eabf
0x7ff8bde76132
0x7ff757d1f3f3
0x7ff757d1fa62
0x7ff757d201fa
0x7ff757d148a6
0x7ff757d1fa5e
0x7ff757d1fa5c
0x7ff757d1de15
0x7ff757d1fa44
0x7ff757d1fea2
0x7ff757d20212
0x7ff8c0889601
0x7ff757d1834e
0x7ff757d1f400
0x7ff757d1fc84
0x7ff757d1a44e
0x7ff757d14aea
0x7ff757d1fa34
0x7ff757d15696
0x7ff8bde90ea9
0x7ff757d1fa62
0x7ff757d14b21
0x7ff8bde91406
0x7ff757d1fc6c
0x7ff757d1de90
0x7ff757d201c9
0x7ff757d148aa
0x7ff757d20d0e
0x7ff757d148a6
0x7ff757d147f0
0x7ff757d201ed
0x7ff757d148a6
0x7ff757d148b0
0x7ff757d1fa62
0x7ff757d14d25
0x7ff757d1fa44
0x7ff757d20cd4
0x7ff757d1fa94
0x7ff757d1fa62
0x7ff757d1fa62
0x7ff757d1fa62
0x7ff757d22c6b
0x7ff757d148b0
0x7ff757d14800
0x7ff757d1f6e6
0x7ff8c08f0494
0x7ff757d14944
0x7ff757d1e8a2
0x7ff757d1f373
0x7ff757d14878
0x7ff8bde90ea9
0x7ff757d201ed
0x7ff757d1f490
0x7ff757d1491e
0x7ff757d1a473
0x7ff757d148a6
0x7ff757d1f14b
0x7ff757d1f6d8
0x7ff757d14ae4
0x7ff757d1eaa1
0x7ff757d14b8d
0x7ff757d148ba
0x7ff757d14af6
0x7ff757d1a44a
0x7ff757d1488c
0x7ff757d1eaa1
0x7ff8bde91436
0x7ff757d1b227
0x7ff757d148a6
0x7ff757d2527a
0x7ff757d148a6
0x7ff757d1fc84
0x7ff757d1fa7a
0x7ff757d1f2bd
0x7ff757d1480b
0x7ff757d148c4
0x7ff757d11fe7
0x7ff757d21a29
0x7ff757d1f400
0x7ff757d1f4b8
0x7ff757d1fa5e
0x7ff757d1f121
0x7ff757d1fa5e
0x7ff757d1487c
0x7ff757d14888
0x7ff757d1f6d8
0x7ff8bde90ea9
0x7ff757d20222
0x7ff757d20d0e
0x7ff757d14d78
0x7ff757d1e8d0
0x7ff757d14914
0x7ff757d1f6e1
0x7ff757d1fc6c
0x7ff757d1fe94
0x7ff757d20a2b
0x7ff757d1fa70
0x7ff757d256d3
0x7ff757d1fc84
0x7ff757d14880
0x7ff757d148c4
0x7ff757d148ba
0x7ff757d1fa62
0x7ff757d11fe3
0x7ff757d1486c
0x7ff757d14f02
0x7ff757d1f2bd
0x7ff757d14f06
0x7ff757d201ed
0x7ff757d1adc2
0x7ff757d20005
0x7ff757d14b21
0x7ff757d1fa52
0x7ff757d148a6
0x7ff757d201db
0x7ff8bde90ea9
0x7ff757d1fa70
0x7ff757d1fd70
0x7ff757d14b21
0x7ff757d1fa62
0x7ff757d201fa
0x7ff757d1fa74
0x7ff757d14964
0x7ff757d1fc84
0x7ff757d148b4
0x7ff757d201db
0x7ff757d1f6e1
0x7ff757d25240
0x7ff757d201ed
0x7ff757d1f6e1
0x7ff757d20cd0
0x7ff757d1489c
0x7ff757d20d0e
0x7ff757d1fa3e
0x7ff757d201ed
0x7ff757d148c4
0x7ff757d1fc84
0x7ff757d20d0e
0x7ff757d1f6ce
0x7ff757d20212
0x7ff757d1ea9a
0x7ff757d1f6a5
0x7ff757d1f6d8
0x7ff757d20ae8
0x7ff757d1f400
0x7ff757d25242
0x7ff757d1fa5e
0x7ff757d14b21
0x7ff757d25242
0x7ff757d1fa7a
0x7ff757d20280
0x7ff757d20cd5
0x7ff757d1f6e1
0x7ff757d147f0
0x7ff757d1480f
0x7ff757d1fa70
0x7ff757d14b1b
0x7ff757d1fa64
0x7ff757d253fc
0x7ff757d1f6d8
0x7ff757d148ba
0x7ff757d148ba
0x7ff757d1a44e
0x7ff757d20d77
0x7ff757d1f3e6
0x7ff757d1fa7a
0x7ff757d147d1
0x7ff757d14878
0x7ff757d20d0e
0x7ff757d1f6d2
0x7ff757d1f6d8
0x7ff757d148c4
0x7ff757d20d0e
0x7ff757d20d0e
0x7ff757d14f3d
0x7ff757d148ba
0x7ff757d148ba
0x7ff757d1a44e
0x7ff757d25270
0x7ff757d1ea90
0x7ff757d17c16
0x7ff757d20d0e
0x7ff757d1f6d8
0x7ff757d1e1af
0x7ff757d1e8ae
0x7ff757d147d1
0x7ff757d14866
0x7ff757d1eabb
0x7ff757d1a44e
0x7ff757d1f403
0x7ff757d1ea90
0x7ff757d1fc84
0x7ff757d201db
0x7ff757d1ea87
0x7ff757d1f6d8
0x7ff757d1eaa1
0x7ff757d1fa74
0x7ff757d148ba
0x7ff757d1f6e6
0x7ff757d14d82
0x7ff757d148a0
0x7ff757d1ea9a
0x7ff757d14af6
0x7ff757d14964
0x7ff757d148c4
0x7ff757d1fa5e
0x7ff757d20d0e
0x7ff757d20d0e
0x7ff757d1fa74
0x7ff757d20d0e
0x7ff757d201ed
0x7ff757d20d77
0x7ff757d1fa62
0x7ff757d1fa90
0x7ff757d1fa44
0x7ff757d1fc66
0x7ff757d1e37b
0x7ff757d1fa7a
0x7ff757d201fa
0x7ff757d1fc6c
0x7ff757d1eaa1
0x7ff8bde91200
0x7ff757d1f3c5
0x7ff757d1f6d8
0x7ff757d14816
0x7ff757d1f6e1
0x7ff757d148ba
0x7ff757d20d0e
0x7ff757d1fa62
0x7ff757d14872
0x7ff757d1f403
0x7ff757d20d77
0x7ff757d1fa70
0x7ff757d201ed
0x7ff757d201fa
0x7ff757d1f6d8
0x7ff757d1af02
0x7ff757d148a0
0x7ff757d20ce2
0x7ff757d1f6ce
0x7ff757d25242
0x7ff757d20d0e
0x7ff757d148a6
0x7ff757d1fa62
0x7ff757d256ec
0x7ff757d1fa5e
0x7ff8bde90ea9
0x7ff757d1f6ce
0x7ff757d20d77
0x7ff757d1a44e
0x7ff757d1e8a2
0x7ff757d14880
0x7ff757d1fa5c
0x7ff757d20d0e
0x7ff757d1f6d8
0x7ff757d1e1d5
0x7ff757d14890
0x7ff757d14914
0x7ff757d148b0
0x7ff757d14b21
0x7ff757d1e8a2
0x7ff757d1e9eb
0x7ff757d14800
0x7ff757d201c5
0x7ff757d14964
0x7ff757d14afc
0x7ff757d1fa62
0x7ff757d1eaa1
0x7ff757d1a44e
0x7ff757d222fd
0x7ff757d1f6d8
0x7ff757d1fc6c
0x7ff757d1fc84
0x7ff8bde76132
0x7ff757d20005
0x7ff757d1f6d8
0x7ff757d14b1b
0x7ff757d1fa74
0x7ff757d1f373
0x7ff757d148ba
0x7ff757d14b21
0x7ff757d148c4
0x7ff757d1fa44
0x7ff757d14866
0x7ff757d14d9a
0x7ff757d14b21
0x7ff757d14b21
0x7ff757d1a44e
0x7ff757d1f3f3
0x7ff757d14956
0x7ff757d201ed
0x7ff757d20d0e
0x7ff757d147cb
0x7ff757d1487c
0x7ff757d25322
0x7ff757d252ab
0x7ff757d20b50
0x7ff757d14880
0x7ff757d148a6
0x7ff757d2025a
0x7ff757d14af6
0x7ff757d14878
0x7ff757d14b35
0x7ff757d1f6e1
0x7ff757d1f6c3
0x7ff757d20280
0x7ff757d1476b
0x7ff757d1f6e1
0x7ff757d1f2cf
0x7ff757d1e9a4
0x7ff757d1fa62
0x7ff757d1f6e1
0x7ff757d20d0e
0x7ff757d1fa70
0x7ff757d1486c
0x7ff757d1f399
0x7ff757d20d0e
0x7ff757d1a44e
0x7ff757d14aea
0x7ff757d14b21
0x7ff757d14b35
0x7ff757d1fe98
0x7ff757d14880
0x7ff757d1fe86
0x7ff757d148a0
0x7ff757d1a44e
0x7ff757d1ae13
0x7ff757d1a44e
0x7ff757d1f028
0x7ff757d14800
0x7ff757d1eaa1
0x7ff757d1fa62
0x7ff757d1e37b
0x7ff757d201ed
0x7ff757d148a0
0x7ff757d1fa70
0x7ff757d201c5
0x7ff757d1fad3
0x7ff757d1f414
0x7ff757d20cd5
0x7ff757d1f6c5
0x7ff757d14878
0x7ff757d14b21
0x7ff757d25241
0x7ff757d1ea87
0x7ff757d1eabf
0x7ff757d1fa7a
0x7ff757d1f6e6
0x7ff757d1fa70
0x7ff757d256c4
0x7ff757d2527a
0x7ff757d1ea9a
0x7ff757d1496e
0x7ff757d147f0
0x7ff757d1a44e
0x7ff757d147d8
0x7ff757d1f6ce
0x7ff757d1e37b
0x7ff757d20d0e
0x7ff757d148b0
0x7ff757d20212
0x7ff757d1f403
0x7ff757d1f6d8
0x7ff757d14b21
0x7ff757d1f411
0x7ff757d20d89
0x7ff757d1f6e1
0x7ff757d1e981
0x7ff757d1f400
0x7ff757d148ba
0x7ff757d1fa5c
0x7ff757d201c9
0x7ff757d1f6d8
0x7ff757d1fe86
0x7ff757d14af6
0x7ff757d1fa7a
0x7ff757d148b0
0x7ff757d14888
0x7ff8bde90ea9
0x7ff757d1fc84
0x7ff757d1495b
0x7ff757d14800
0x7ff757d1fe0f
0x7ff757d2021c
0x7ff757d148a0
0x7ff757d11fb5
0x7ff757d1f4c2
0x7ff757d14d9e
0x7ff757d148a0
0x7ff757d1e3a8
0x7ff757d148a6
0x7ff757d1e7b0
0x7ff757d147f0
0x7ff757d1489c
0x7ff757d1ea87
0x7ff757d147dc
0x7ff757d1fc84
0x7ff757d1e8a2
0x7ff757d20d0e
0x7ff757d1f400
0x7ff757d14f06
0x7ff757d1f6c5
0x7ff757d1fa74
0x7ff757d14880
0x7ff757d147f0
0x7ff757d148c4
0x7ff757d1fa52
0x7ff757d147f0
0x7ff757d1f373
0x7ff757d1f3f3
0x7ff757d1eaa1
0x7ff757d1f6e1
0x7ff757d1ea13
0x7ff757d20d0e
0x7ff757d20d08
0x7ff757d1fa5c
0x7ff757d2231e
0x7ff757d1f3e6
0x7ff757d148a6
0x7ff757d1f6e6
0x7ff757d14888
0x7ff757d201bf
0x7ff757d1e88e
0x7ff757d1f400
0x7ff757d14816
0x7ff757d14880
0x7ff757d1489c
0x7ff757d1fa90
0x7ff757d147cb
0x7ff757d1f03b
0x7ff757d1495b
0x7ff757d1ea87
0x7ff757d148b0
0x7ff757d1f6e1
0x7ff8bde90ea9
0x7ff757d20212
0x7ff757d14853
0x7ff757d14890
0x7ff757d1ea9a
0x7ff757d1dda2
0x7ff757d1f6e1
0x7ff757d148ba
0x7ff757d14872
0x7ff757d148a6
0x7ff757d1f48c
0x7ff757d1fa52
0x7ff757d1f6a5
0x7ff757d256d9
0x7ff757d1fd73
0x7ff757d1fa5c
0x7ff757d201ed
0x7ff757d14af6
0x7ff757d1a44e
0x7ff757d14896
0x7ff757d25240
0x7ff757d201c2
0x7ff757d1fa70
0x7ff757d1e141
0x7ff757d1487c
0x7ff757d20d0e
0x7ff757d1eaa1
0x7ff757d1fa62
0x7ff757d1f6e1
0x7ff757d1f2bd
0x7ff757d1a44e
0x7ff757d14866
0x7ff757d201c9
0x7ff757d1e8a2
0x7ff757d1f493
0x7ff757d14af6
0x7ff757d1a44e
0x7ff757d201f7
0x7ff757d1a44e
0x7ff757d1f6d8
0x7ff8bde90ea9
0x7ff757d148a0
0x7ff757d14b2f
0x7ff757d20cd6
0x7ff757d14964
0x7ff757d1f6ce
0x7ff757d25241
0x7ff757d14b08
0x7ff757d1eaa1
0x7ff757d20280
0x7ff757d1480b
0x7ff757d20ced
0x7ff757d1f6e1
0x7ff757d1fa58
0x7ff757d14af6
0x7ff757d20cd2
0x7ff757d1fa94
0x7ff757d1a473
0x7ff757d147e8
0x7ff757d20d0e
0x7ff757d201fa
0x7ff757d25291
0x7ff757d14878
0x7ff757d14b08
0x7ff757d1f69d
0x7ff757d1e890
0x7ff757d20d88
0x7ff757d1fa70
0x7ff757d20d0e
0x7ff757d1f6e6
0x7ff757d201e0
0x7ff757d148ba
0x7ff757d14978
0x7ff757d1e899
0x7ff757d1ea87
0x7ff757d148c4
0x7ff757d1491e
0x7ff757d201c5
0x7ff757d1fa5e
0x7ff757d148d6
0x7ff757d14f1d
0x7ff757d1f414
0x7ff757d1671a
0x7ff757d147d1
0x7ff757d147d8
0x7ff757d201ed
0x7ff757d14f1d
0x7ff757d148a0
0x7ff757d1a44e
0x7ff757d2537f
0x7ff757d1fa58
0x7ff757d14b08
0x7ff757d1fa74
0x7ff757d1fa5e
0x7ff757d1a44e
0x7ff757d14956
0x7ff757d147e8
0x7ff757d14af6
0x7ff757d20cd0
0x7ff757d1fa62
0x7ff757d1f3d0
0x7ff757d14800
0x7ff757d1486c
0x7ff757d147d1
0x7ff757d1f400
0x7ff757d1fa5e
0x7ff757d20d77
0x7ff757d1fc84
0x7ff757d148b0
0x7ff757d20d1b
0x7ff757d1f33c
0x7ff757d148b0
0x7ff757d1fe9e
0x7ff757d14be0
0x7ff757d14918
0x7ff757d20212
0x7ff757d148c4
0x7ff757d1f6d8
0x7ff757d1a44e
0x7ff757d14b08
0x7ff757d148a6
0x7ff757d1fc84
0x7ff757d148ba
0x7ff757d201ed
0x7ff757d1493c
0x7ff757d20d0e
0x7ff757d21a29
0x7ff757d14b21
0x7ff757d1f46a
0x7ff757d1f6d8
0x7ff757d1f6ce
0x7ff757d147d8
0x7ff757d256ec
0x7ff757d1f6e6
0x7ff757d14b1b
0x7ff757d14762
0x7ff757d201ed
0x7ff757d147f0
0x7ff757d1f3f0
0x7ff757d1f6e1
0x7ff757d148ba
0x7ff757d1e33a
0x7ff757d148a6
0x7ff757d20d0e
0x7ff757d147f0
0x7ff757d1eaa1
0x7ff757d1fc6c
0x7ff757d1fc84
0x7ff757d14866
0x7ff757d1e182
0x7ff8bde90ea9
0x7ff757d1f400
0x7ff757d147d8
0x7ff8bde90ea9
0x7ff757d20d22
0x7ff757d1fc6c
0x7ff757d1fa62
0x7ff757d14b08
0x7ff757d253cf
0x7ff757d14b02
0x7ff757d148a6
0x7ff757d1eaa1
0x7ff757d1f6e1
0x7ff757d14f3d
0x7ff757d1fa44
0x7ff8c088f720
0x7ff757d14880
0x7ff757d148ba
0x7ff757d1fa34
0x7ff757d1fa74
0x7ff757d1fa62
0x7ff757d148cb
0x7ff757d256c4
0x7ff757d1fa34
0x7ff757d1fc84
0x7ff757d25291
0x7ff757d1493c
0x7ff757d14af6
0x7ff757d1fcb6
0x7ff8bde9141e
0x7ff757d2537f
0x7ff757d1fa70
0x7ff757d1faa0
0x7ff757d1ea9a
0x7ff757d1f6e1
0x7ff757d14880
0x7ff757d147dc
0x7ff757d1fa34
0x7ff757d14800
0x7ff757d1487c
0x7ff757d1eaa1
0x7ff757d14b08
0x7ff8bde90ea9
0x7ff757d20d0e
0x7ff757d14f30
0x7ff757d1f6d8
0x7ff757d20cd2
0x7ff757d1a44e
0x7ff757d14b0d
0x7ff757d14b35
0x7ff757d20d6a
0x7ff757d148a6
0x7ff8bde90ea9
0x7ff757d1fa68
0x7ff757d1487c
0x7ff757d148c4
0x7ff757d1f3a9
0x7ff757d14896
0x7ff757d1480b
0x7ff757d1480f
0x7ff757d20d0e
0x7ff757d256c0
0x7ff757d201ed
0x7ff757d1a44e
0x7ff757d14896
0x7ff757d1486c
0x7ff8bde90ea9
0x7ff757d20d87
0x7ff757d1f6c5
0x7ff757d201db
0x7ff757d20d0e
0x7ff757d20d0e
0x7ff757d1a44e
0x7ff757d22326
0x7ff757d2527a
0x7ff757d1f3e6
0x7ff757d2530e
0x7ff757d1ea9a
0x7ff757d1fc84
0x7ff757d201ed
0x7ff757d1f6d8
0x7ff8bde90ea9
0x7ff757d20d0e
0x7ff757d201ed
0x7ff757d20261
0x7ff757d1f3e6
0x7ff757d1ea9a
0x7ff757d14878
0x7ff757d1fc6c
0x7ff757d1ea9a
0x7ff757d14896
0x7ff757d1fa52
0x7ff757d1f6d8
0x7ff757d20d0e
0x7ff8bde90ea9
0x7ff757d14d7e
0x7ff757d1f6e6
0x7ff757d20d1b
0x7ff8bde90ea9
0x7ff757d1fa62
0x7ff757d20d0e
0x7ff757d1fcb6
0x7ff757d25291
0x7ff757d1f6e1
0x7ff757d1ea9a
0x7ff757d1eaca
0x7ff757d148a6
0x7ff757d256f2
0x7ff757d1fa34
0x7ff757d201fa
0x7ff757d1fe98
0x7ff757d1fa7a
0x7ff757d1f3f7
0x7ff757d256d3
0x7ff757d1fa62
0x7ff757d1f6e1
0x7ff757d1ea9a
0x7ff8bde90eae
0x7ff757d148ba
0x7ff757d1fa70
0x7ff757d1f6e1
0x7ff757d14af6
0x7ff757d201ed
0x7ff757d148ba
0x7ff757d14f21
0x7ff757d1fa74
0x7ff757d1f4b8
0x7ff757d20d0e
0x7ff757d147f6
0x7ff757d14800
0x7ff757d20212
0x7ff757d1fc66
0x7ff757d1fc6c
0x7ff757d20d0e
0x7ff757d14872
0x7ff757d201e0
0x7ff757d14af6
0x7ff757d148ba
0x7ff757d20d8a
0x7ff757d14978
0x7ff757d1f46a
0x7ff757d14af6
0x7ff757d1f6d8
0x7ff757d1ea87
0x7ff757d14cbb
0x7ff757d1fc84
0x7ff757d1f6d8
0x7ff757d148a6
0x7ff757d1ea9a
0x7ff757d148b0
0x7ff757d1487c
0x7ff757d148ba
0x7ff757d14efb
0x7ff757d22326
0x7ff757d14af6
0x7ff757d1f6e1
0x7ff757d1fa62
0x7ff757d1f6d8
0x7ff757d1e8a7
0x7ff757d1f6e1
0x7ff757d20212
0x7ff757d1fa70
0x7ff757d147ba
0x7ff757d253d6
0x7ff757d1f2bd
0x7ff8bde90ec3
0x7ff757d25313
0x7ff757d1fa58
0x7ff757d256ec
0x7ff757d20d0e
0x7ff757d1e890
0x7ff757d1f6d8
0x7ff757d21a56
0x7ff757d1ea03
0x7ff757d201c9
0x7ff757d1f6ce
0x7ff757d148c4
0x7ff757d1e2e1
0x7ff757d201ed
0x7ff757d14b35
0x7ff757d1eabf
0x7ff757d25240
0x7ff757d25304
0x7ff757d20b50
0x7ff757d16671
0x7ff757d20d0e
0x7ff757d1fe98
0x7ff757d1a446
0x7ff757d1f6d8
0x7ff757d20d68
0x7ff757d2231e
0x7ff757d1f394
0x7ff757d14896
0x7ff757d1f403
0x7ff8bde58b28
