block,round,implementation,microseconds,max_baseline_error,probe
64,0,current,0.168200000,1.7763568394e-14,-3.22505020475
64,0,bodft,0.135900000,1.7763568394e-14,-6.45010040949
64,1,bodft,0.129700000,1.7763568394e-14,-9.67515061424
64,1,current,0.167400000,1.7763568394e-14,-12.900200819
64,2,current,0.168000000,1.7763568394e-14,-16.1252510237
64,2,bodft,0.189200000,1.7763568394e-14,-19.3503012285
64,3,bodft,0.130200000,1.7763568394e-14,-22.5753514332
64,3,current,0.174300000,1.7763568394e-14,-25.800401638
64,4,current,0.185200000,1.7763568394e-14,-29.0254518427
64,4,bodft,0.130200000,1.7763568394e-14,-32.2505020475
64,5,bodft,0.130300000,1.7763568394e-14,-35.4755522522
64,5,current,0.173900000,1.7763568394e-14,-38.700602457
64,6,current,0.167500000,1.7763568394e-14,-41.9256526617
64,6,bodft,0.129900000,1.7763568394e-14,-45.1507028665
128,0,current,0.319500000,2.84217094304e-14,-9.49284334943
128,0,bodft,0.332000000,2.84217094304e-14,-18.9856866989
128,1,bodft,0.329900000,2.84217094304e-14,-28.4785300483
128,1,current,0.322600000,2.84217094304e-14,-37.9713733977
128,2,current,0.363300000,2.84217094304e-14,-47.4642167472
128,2,bodft,0.325200000,2.84217094304e-14,-56.9570600966
128,3,bodft,0.320500000,2.84217094304e-14,-66.449903446
128,3,current,0.332000000,2.84217094304e-14,-75.9427467955
128,4,current,0.326900000,2.84217094304e-14,-85.4355901449
128,4,bodft,0.319500000,2.84217094304e-14,-94.9284334943
128,5,bodft,0.332500000,2.84217094304e-14,-104.421276844
128,5,current,0.340200000,2.84217094304e-14,-113.914120193
128,6,current,0.320800000,2.84217094304e-14,-123.406963543
128,6,bodft,0.354600000,2.84217094304e-14,-132.899806892
256,0,current,0.744900000,5.68434188608e-14,2.73976151384
256,0,bodft,0.571900000,5.68434188608e-14,5.47952302768
256,1,bodft,0.558200000,5.68434188608e-14,8.21928454152
256,1,current,0.748000000,5.68434188608e-14,10.9590460554
256,2,current,0.742900000,5.68434188608e-14,13.6988075692
256,2,bodft,0.588800000,5.68434188608e-14,16.438569083
256,3,bodft,0.534500000,5.68434188608e-14,19.1783305969
256,3,current,0.743800000,5.68434188608e-14,21.9180921107
256,4,current,0.737200000,5.68434188608e-14,24.6578536245
256,4,bodft,0.532500000,5.68434188608e-14,27.3976151384
256,5,bodft,0.537700000,5.68434188608e-14,30.1373766522
256,5,current,0.745600000,5.68434188608e-14,32.8771381661
256,6,current,0.752700000,5.68434188608e-14,35.6168996799
256,6,bodft,0.533000000,5.68434188608e-14,38.3566611937
512,0,current,1.594900000,8.52651282912e-14,1.650236163
512,0,bodft,1.406600000,8.52651282912e-14,3.300472326
512,1,bodft,1.413700000,8.52651282912e-14,4.950708489
512,1,current,1.561900000,8.52651282912e-14,6.600944652
512,2,current,1.566400000,8.52651282912e-14,8.251180815
512,2,bodft,1.612300000,8.52651282912e-14,9.901416978
512,3,bodft,1.440600000,8.52651282912e-14,11.551653141
512,3,current,1.651300000,8.52651282912e-14,13.201889304
512,4,current,1.591600000,8.52651282912e-14,14.852125467
512,4,bodft,1.417000000,8.52651282912e-14,16.50236163
512,5,bodft,1.386500000,8.52651282912e-14,18.152597793
512,5,current,1.541000000,8.52651282912e-14,19.802833956
512,6,current,1.545100000,8.52651282912e-14,21.453070119
512,6,bodft,1.379700000,8.52651282912e-14,23.103306282
1024,0,current,3.595600000,3.97903932026e-13,2.01887204837
1024,0,bodft,4.248600000,3.97903932026e-13,4.03774409675
1024,1,bodft,3.440900000,3.97903932026e-13,6.05661614512
1024,1,current,3.244200000,3.97903932026e-13,8.0754881935
1024,2,current,3.248600000,3.97903932026e-13,10.0943602419
1024,2,bodft,2.539400000,3.97903932026e-13,12.1132322902
1024,3,bodft,2.515100000,3.97903932026e-13,14.1321043386
1024,3,current,3.256000000,3.97903932026e-13,16.150976387
1024,4,current,3.227200000,3.97903932026e-13,18.1698484354
1024,4,bodft,2.482500000,3.97903932026e-13,20.1887204837
1024,5,bodft,2.601900000,3.97903932026e-13,22.2075925321
1024,5,current,3.261000000,3.97903932026e-13,24.2264645805
1024,6,current,3.247300000,3.97903932026e-13,26.2453366289
1024,6,bodft,2.506900000,3.97903932026e-13,28.2642086772
2048,0,current,9.108100000,5.68434188608e-13,-1.39085094472
2048,0,bodft,6.733200000,5.68434188608e-13,-2.78170188944
2048,1,bodft,6.638300000,5.68434188608e-13,-4.17255283415
2048,1,current,9.123000000,5.68434188608e-13,-5.56340377887
2048,2,current,9.043300000,5.68434188608e-13,-6.95425472359
2048,2,bodft,6.457100000,5.68434188608e-13,-8.34510566831
2048,3,bodft,6.473100000,5.68434188608e-13,-9.73595661302
2048,3,current,9.100400000,5.68434188608e-13,-11.1268075577
2048,4,current,9.143400000,5.68434188608e-13,-12.5176585025
2048,4,bodft,6.341800000,5.68434188608e-13,-13.9085094472
2048,5,bodft,6.382900000,5.68434188608e-13,-15.2993603919
2048,5,current,9.061300000,5.68434188608e-13,-16.6902113366
2048,6,current,9.170600000,5.68434188608e-13,-18.0810622813
2048,6,bodft,6.825800000,5.68434188608e-13,-19.471913226
4096,0,current,19.895800000,1.36424205266e-12,-23.0135386405
4096,0,bodft,12.839400000,1.36424205266e-12,-46.027077281
4096,1,bodft,15.515500000,1.36424205266e-12,-69.0406159214
4096,1,current,19.903800000,1.36424205266e-12,-92.0541545619
4096,2,current,20.113300000,1.36424205266e-12,-115.067693202
4096,2,bodft,12.459900000,1.36424205266e-12,-138.081231843
4096,3,bodft,12.208200000,1.36424205266e-12,-161.094770483
4096,3,current,21.141400000,1.36424205266e-12,-184.108309124
4096,4,current,20.142100000,1.36424205266e-12,-207.121847764
4096,4,bodft,12.537800000,1.36424205266e-12,-230.135386405
4096,5,bodft,12.262600000,1.36424205266e-12,-253.148925045
4096,5,current,19.866600000,1.36424205266e-12,-276.162463686
4096,6,current,19.847100000,1.36424205266e-12,-299.176002326
4096,6,bodft,12.315900000,1.36424205266e-12,-322.189540967
8192,0,current,44.971800000,3.18323145621e-12,-36.6275468361
8192,0,bodft,34.917500000,3.18323145621e-12,-73.2550936721
8192,1,bodft,34.165500000,3.18323145621e-12,-109.882640508
8192,1,current,44.911300000,3.18323145621e-12,-146.510187344
8192,2,current,44.942200000,3.18323145621e-12,-183.13773418
8192,2,bodft,35.194800000,3.18323145621e-12,-219.765281016
8192,3,bodft,34.009800000,3.18323145621e-12,-256.392827852
8192,3,current,44.694100000,3.18323145621e-12,-293.020374688
8192,4,current,45.421800000,3.18323145621e-12,-329.647921524
8192,4,bodft,34.514000000,3.18323145621e-12,-366.275468361
8192,5,bodft,34.502100000,3.18323145621e-12,-402.903015197
8192,5,current,45.283000000,3.18323145621e-12,-439.530562033
8192,6,current,45.212000000,3.18323145621e-12,-476.158108869
8192,6,bodft,34.871400000,3.18323145621e-12,-512.785655705
